id;product_id;product_name;category;quantity;revenue;cost;sold_at
SALE007001;SKU006;Картридж HP 305;Расходники;36;57240;26902.8;2025-10-01 14:30:00+00
SALE007002;SKU007;Бумага А4 500 листов;Канцтовары;77;32340;20050.8;2025-10-01 10:10:00+00
SALE007003;SKU008;Ручки шариковые комплект;Канцтовары;48;10944.0;4492.8;2025-10-01 12:40:00+00
SALE007004;SKU009;SSD 1TB Kingston;Комплектующие;13;84370;57371.6;2025-10-01 15:50:00+00
SALE007005;SKU010;Оперативная память 16GB DDR4;Комплектующие;16;57608.0;38203.2;2025-10-01 09:10:00+00
SALE007006;SKU011;Роутер TP-Link Archer;Сетевое оборудование;21;65635.5;42144.9;2025-10-01 10:10:00+00
SALE007007;SKU012;Коммутатор 8 портов;Сетевое оборудование;10;21900;13140.0;2025-10-01 15:20:00+00
SALE007008;SKU013;Наушники JBL;Электроника;14;41860;23441.6;2025-10-01 20:20:00+00
SALE007009;SKU014;Веб-камера Full HD;Электроника;11;24090;13008.6;2025-10-01 19:10:00+00
SALE007010;SKU015;Коврик для мыши XL;Аксессуары;38;30020;13509.0;2025-10-01 20:40:00+00
SALE007011;SKU001;Беспроводная мышь Logitech;Электроника;31;46190;26790.2;2025-10-02 16:30:00+00
SALE007012;SKU002;Клавиатура механическая Redragon;Электроника;23;91770;50473.5;2025-10-02 11:00:00+00
SALE007013;SKU003;Монитор 24 дюйма Samsung;Электроника;11;142890;102880.8;2025-10-02 11:10:00+00
SALE007014;SKU004;USB-C кабель 1м;Аксессуары;59;23010;9664.2;2025-10-02 13:20:00+00
SALE007015;SKU005;Power Bank 20000 mAh;Аксессуары;104;251191.2;147607.2;2025-10-02 12:10:00+00
SALE007016;SKU006;Картридж HP 305;Расходники;28;44520;20924.4;2025-10-02 18:00:00+00
SALE007017;SKU007;Бумага А4 500 листов;Канцтовары;64;26073.6;16665.6;2025-10-02 13:10:00+00
SALE007018;SKU008;Ручки шариковые комплект;Канцтовары;40;9312.0;3744.0;2025-10-02 13:50:00+00
SALE007019;SKU009;SSD 1TB Kingston;Комплектующие;10;61655.0;44132.0;2025-10-02 15:30:00+00
SALE007020;SKU010;Оперативная память 16GB DDR4;Комплектующие;13;49270;31040.1;2025-10-02 15:40:00+00
SALE007021;SKU011;Роутер TP-Link Archer;Сетевое оборудование;40;131600;80276.0;2025-10-02 16:40:00+00
SALE007022;SKU012;Коммутатор 8 портов;Сетевое оборудование;15;31207.5;19710.0;2025-10-02 11:00:00+00
SALE007023;SKU013;Наушники JBL;Электроника;23;68770;38511.2;2025-10-02 13:40:00+00
SALE007024;SKU014;Веб-камера Full HD;Электроника;12;26280;14191.2;2025-10-02 13:50:00+00
SALE007025;SKU015;Коврик для мыши XL;Аксессуары;24;18960;8532.0;2025-10-02 17:20:00+00
SALE007026;SKU001;Беспроводная мышь Logitech;Электроника;36;52030.8;31111.2;2025-10-03 09:30:00+00
SALE007027;SKU002;Клавиатура механическая Redragon;Электроника;15;55660.5;32917.5;2025-10-03 15:00:00+00
SALE007028;SKU003;Монитор 24 дюйма Samsung;Электроника;23;277856.1;215114.4;2025-10-03 14:40:00+00
SALE007029;SKU004;USB-C кабель 1м;Аксессуары;40;14820.0;6552.0;2025-10-03 17:20:00+00
SALE007030;SKU005;Power Bank 20000 mAh;Аксессуары;22;54780;31224.6;2025-10-03 13:50:00+00
SALE007031;SKU006;Картридж HP 305;Расходники;34;54060;25408.2;2025-10-03 10:10:00+00
SALE007032;SKU007;Бумага А4 500 листов;Канцтовары;31;12108.6;8072.4;2025-10-03 11:10:00+00
SALE007033;SKU008;Ручки шариковые комплект;Канцтовары;53;11829.6;4960.8;2025-10-03 10:50:00+00
SALE007034;SKU009;SSD 1TB Kingston;Комплектующие;12;75543.6;52958.4;2025-10-03 11:10:00+00
SALE007035;SKU010;Оперативная память 16GB DDR4;Комплектующие;8;30320;19101.6;2025-10-03 18:40:00+00
SALE007036;SKU011;Роутер TP-Link Archer;Сетевое оборудование;14;46060;28096.6;2025-10-03 12:50:00+00
SALE007037;SKU012;Коммутатор 8 портов;Сетевое оборудование;14;30660;18396.0;2025-10-03 17:50:00+00
SALE007038;SKU013;Наушники JBL;Электроника;10;29003.0;16744.0;2025-10-03 15:30:00+00
SALE007039;SKU014;Веб-камера Full HD;Электроника;13;27615.9;15373.8;2025-10-03 14:00:00+00
SALE007040;SKU015;Коврик для мыши XL;Аксессуары;14;10728.2;4977.0;2025-10-03 14:30:00+00
SALE007041;SKU001;Беспроводная мышь Logitech;Электроника;23;32556.5;19876.6;2025-10-04 19:20:00+00
SALE007042;SKU002;Клавиатура механическая Redragon;Электроника;21;79600.5;46084.5;2025-10-04 20:30:00+00
SALE007043;SKU004;USB-C кабель 1м;Аксессуары;23;8521.5;3767.4;2025-10-04 10:20:00+00
SALE007044;SKU005;Power Bank 20000 mAh;Аксессуары;29;72210;41159.7;2025-10-04 20:50:00+00
SALE007045;SKU006;Картридж HP 305;Расходники;23;36570;17187.9;2025-10-04 16:20:00+00
SALE007046;SKU007;Бумага А4 500 листов;Канцтовары;49;20580;12759.6;2025-10-04 12:10:00+00
SALE007047;SKU008;Ручки шариковые комплект;Канцтовары;18;4320;1684.8;2025-10-04 11:50:00+00
SALE007048;SKU009;SSD 1TB Kingston;Комплектующие;11;71390;48545.2;2025-10-04 15:00:00+00
SALE007049;SKU010;Оперативная память 16GB DDR4;Комплектующие;18;68220;42978.6;2025-10-04 09:40:00+00
SALE007050;SKU011;Роутер TP-Link Archer;Сетевое оборудование;15;49350;30103.5;2025-10-04 19:50:00+00
SALE007051;SKU012;Коммутатор 8 портов;Сетевое оборудование;7;14256.9;9198.0;2025-10-04 14:30:00+00
SALE007052;SKU013;Наушники JBL;Электроника;15;43504.5;25116.0;2025-10-04 15:10:00+00
SALE007053;SKU014;Веб-камера Full HD;Электроника;10;20805.0;11826.0;2025-10-04 12:40:00+00
SALE007054;SKU015;Коврик для мыши XL;Аксессуары;18;13793.4;6399.0;2025-10-04 17:00:00+00
SALE007055;SKU001;Беспроводная мышь Logitech;Электроника;13;18788.9;11234.6;2025-10-05 10:10:00+00
SALE007056;SKU002;Клавиатура механическая Redragon;Электроника;23;87181.5;50473.5;2025-10-05 19:20:00+00
SALE007057;SKU003;Монитор 24 дюйма Samsung;Электроника;13;168870;121586.4;2025-10-05 10:20:00+00
SALE007058;SKU004;USB-C кабель 1м;Аксессуары;30;11700;4914.0;2025-10-05 12:20:00+00
SALE007059;SKU005;Power Bank 20000 mAh;Аксессуары;20;49800;28386.0;2025-10-05 13:00:00+00
SALE007060;SKU006;Картридж HP 305;Расходники;28;44520;20924.4;2025-10-05 15:10:00+00
SALE007061;SKU007;Бумага А4 500 листов;Канцтовары;53;22260;13801.2;2025-10-05 15:40:00+00
SALE007062;SKU008;Ручки шариковые комплект;Канцтовары;36;8208.0;3369.6;2025-10-05 17:20:00+00
SALE007063;SKU009;SSD 1TB Kingston;Комплектующие;14;86317.0;61784.8;2025-10-05 12:40:00+00
SALE007064;SKU010;Оперативная память 16GB DDR4;Комплектующие;9;31722.3;21489.3;2025-10-05 09:20:00+00
SALE007065;SKU011;Роутер TP-Link Archer;Сетевое оборудование;17;52014.9;34117.3;2025-10-05 17:00:00+00
SALE007066;SKU012;Коммутатор 8 портов;Сетевое оборудование;6;13140;7884.0;2025-10-05 10:50:00+00
SALE007067;SKU013;Наушники JBL;Электроника;8;23920;13395.2;2025-10-05 20:20:00+00
SALE007068;SKU014;Веб-камера Full HD;Электроника;13;27046.5;15373.8;2025-10-05 19:40:00+00
SALE007069;SKU015;Коврик для мыши XL;Аксессуары;13;10270;4621.5;2025-10-05 09:00:00+00
SALE007070;SKU001;Беспроводная мышь Logitech;Электроника;43;60866.5;37160.6;2025-10-06 12:10:00+00
SALE007071;SKU002;Клавиатура механическая Redragon;Электроника;17;67830;37306.5;2025-10-06 09:30:00+00
SALE007072;SKU003;Монитор 24 дюйма Samsung;Электроника;10;120807.0;93528.0;2025-10-06 13:30:00+00
SALE007073;SKU004;USB-C кабель 1м;Аксессуары;47;18330;7698.6;2025-10-06 18:40:00+00
SALE007074;SKU005;Power Bank 20000 mAh;Аксессуары;25;62250;35482.5;2025-10-06 17:00:00+00
SALE007075;SKU006;Картридж HP 305;Расходники;31;49290;23166.3;2025-10-06 09:20:00+00
SALE007076;SKU007;Бумага А4 500 листов;Канцтовары;69;28110.6;17967.6;2025-10-06 16:10:00+00
SALE007077;SKU008;Ручки шариковые комплект;Канцтовары;41;9544.8;3837.6;2025-10-06 11:00:00+00
SALE007078;SKU009;SSD 1TB Kingston;Комплектующие;13;84370;57371.6;2025-10-06 18:50:00+00
SALE007079;SKU010;Оперативная память 16GB DDR4;Комплектующие;18;68220;42978.6;2025-10-06 16:00:00+00
SALE007080;SKU011;Роутер TP-Link Archer;Сетевое оборудование;18;56259.0;36124.2;2025-10-06 15:10:00+00
SALE007081;SKU012;Коммутатор 8 портов;Сетевое оборудование;13;27046.5;17082.0;2025-10-06 12:20:00+00
SALE007082;SKU013;Наушники JBL;Электроника;12;33368.4;20092.8;2025-10-06 09:20:00+00
SALE007083;SKU014;Веб-камера Full HD;Электроника;11;24090;13008.6;2025-10-06 15:20:00+00
SALE007084;SKU015;Коврик для мыши XL;Аксессуары;23;16898.1;8176.5;2025-10-06 13:00:00+00
SALE007085;SKU001;Беспроводная мышь Logitech;Электроника;31;46190;26790.2;2025-10-07 10:00:00+00
SALE007086;SKU002;Клавиатура механическая Redragon;Электроника;24;90972.0;52668.0;2025-10-07 12:20:00+00
SALE007087;SKU004;USB-C кабель 1м;Аксессуары;78;29507.4;12776.4;2025-10-07 15:00:00+00
SALE007088;SKU005;Power Bank 20000 mAh;Аксессуары;16;39840;22708.8;2025-10-07 12:20:00+00
SALE007089;SKU006;Картридж HP 305;Расходники;38;57399.0;28397.4;2025-10-07 15:00:00+00
SALE007090;SKU007;Бумага А4 500 листов;Канцтовары;53;20701.8;13801.2;2025-10-07 17:50:00+00
SALE007091;SKU008;Ручки шариковые комплект;Канцтовары;59;13168.8;5522.4;2025-10-07 16:40:00+00
SALE007092;SKU009;SSD 1TB Kingston;Комплектующие;15;97350;66198.0;2025-10-07 10:50:00+00
SALE007093;SKU010;Оперативная память 16GB DDR4;Комплектующие;36;132346.8;85957.2;2025-10-07 14:40:00+00
SALE007094;SKU011;Роутер TP-Link Archer;Сетевое оборудование;10;31255.0;20069.0;2025-10-07 19:00:00+00
SALE007095;SKU012;Коммутатор 8 портов;Сетевое оборудование;6;13140;7884.0;2025-10-07 14:30:00+00
SALE007096;SKU013;Наушники JBL;Электроника;20;56810.0;33488.0;2025-10-07 09:40:00+00
SALE007097;SKU014;Веб-камера Full HD;Электроника;8;17520;9460.8;2025-10-07 13:30:00+00
SALE007098;SKU015;Коврик для мыши XL;Аксессуары;20;15010.0;7110.0;2025-10-07 18:00:00+00
SALE007099;SKU001;Беспроводная мышь Logitech;Электроника;39;55204.5;33703.8;2025-10-08 12:30:00+00
SALE007100;SKU002;Клавиатура механическая Redragon;Электроника;11;43890;24139.5;2025-10-08 15:50:00+00
SALE007101;SKU003;Монитор 24 дюйма Samsung;Электроника;8;100802.4;74822.4;2025-10-08 20:50:00+00
SALE007102;SKU004;USB-C кабель 1м;Аксессуары;57;22230;9336.6;2025-10-08 20:30:00+00
SALE007103;SKU005;Power Bank 20000 mAh;Аксессуары;18;42579.0;25547.4;2025-10-08 17:50:00+00
SALE007104;SKU006;Картридж HP 305;Расходники;17;27030;12704.1;2025-10-08 13:20:00+00
SALE007105;SKU007;Бумага А4 500 листов;Канцтовары;85;34629.0;22134.0;2025-10-08 14:20:00+00
SALE007106;SKU008;Ручки шариковые комплект;Канцтовары;22;5016.0;2059.2;2025-10-08 10:40:00+00
SALE007107;SKU009;SSD 1TB Kingston;Комплектующие;16;100724.8;70611.2;2025-10-08 16:40:00+00
SALE007108;SKU010;Оперативная память 16GB DDR4;Комплектующие;16;60640;38203.2;2025-10-08 20:00:00+00
SALE007109;SKU011;Роутер TP-Link Archer;Сетевое оборудование;12;36716.4;24082.8;2025-10-08 17:20:00+00
SALE007110;SKU012;Коммутатор 8 портов;Сетевое оборудование;17;37230;22338.0;2025-10-08 13:00:00+00
SALE007111;SKU013;Наушники JBL;Электроника;12;35880;20092.8;2025-10-08 16:10:00+00
SALE007112;SKU014;Веб-камера Full HD;Электроника;9;19710;10643.4;2025-10-08 12:00:00+00
SALE007113;SKU015;Коврик для мыши XL;Аксессуары;25;19157.5;8887.5;2025-10-08 19:40:00+00
SALE007114;SKU001;Беспроводная мышь Logitech;Электроника;40;56620.0;34568.0;2025-10-09 15:00:00+00
SALE007115;SKU002;Клавиатура механическая Redragon;Электроника;25;94762.5;54862.5;2025-10-09 09:40:00+00
SALE007116;SKU003;Монитор 24 дюйма Samsung;Электроника;11;132887.7;102880.8;2025-10-09 19:40:00+00
SALE007117;SKU004;USB-C кабель 1м;Аксессуары;53;20670;8681.4;2025-10-09 10:00:00+00
SALE007118;SKU005;Power Bank 20000 mAh;Аксессуары;26;62797.8;36901.8;2025-10-09 20:10:00+00
SALE007119;SKU006;Картридж HP 305;Расходники;35;51754.5;26155.5;2025-10-09 18:00:00+00
SALE007120;SKU007;Бумага А4 500 листов;Канцтовары;61;23826.6;15884.4;2025-10-09 14:20:00+00
SALE007121;SKU008;Ручки шариковые комплект;Канцтовары;36;8380.8;3369.6;2025-10-09 19:10:00+00
SALE007122;SKU009;SSD 1TB Kingston;Комплектующие;15;97350;66198.0;2025-10-09 09:10:00+00
SALE007123;SKU010;Оперативная память 16GB DDR4;Комплектующие;13;46806.5;31040.1;2025-10-09 20:00:00+00
SALE007124;SKU011;Роутер TP-Link Archer;Сетевое оборудование;10;32900;20069.0;2025-10-09 19:30:00+00
SALE007125;SKU012;Коммутатор 8 портов;Сетевое оборудование;17;37230;22338.0;2025-10-09 19:10:00+00
SALE007126;SKU013;Наушники JBL;Электроника;9;25564.5;15069.6;2025-10-09 12:10:00+00
SALE007127;SKU014;Веб-камера Full HD;Электроника;11;23367.3;13008.6;2025-10-09 18:20:00+00
SALE007128;SKU015;Коврик для мыши XL;Аксессуары;32;25280;11376.0;2025-10-09 11:20:00+00
SALE007129;SKU001;Беспроводная мышь Logitech;Электроника;26;36803.0;22469.2;2025-10-10 20:00:00+00
SALE007130;SKU002;Клавиатура механическая Redragon;Электроника;23;85346.1;50473.5;2025-10-10 13:30:00+00
SALE007131;SKU003;Монитор 24 дюйма Samsung;Электроника;8;103920;74822.4;2025-10-10 10:50:00+00
SALE007132;SKU004;USB-C кабель 1м;Аксессуары;69;26910;11302.2;2025-10-10 13:30:00+00
SALE007133;SKU005;Power Bank 20000 mAh;Аксессуары;17;42330;24128.1;2025-10-10 15:20:00+00
SALE007134;SKU006;Картридж HP 305;Расходники;11;17490;8220.3;2025-10-10 14:00:00+00
SALE007135;SKU007;Бумага А4 500 листов;Канцтовары;48;20160;12499.2;2025-10-10 13:20:00+00
SALE007136;SKU008;Ручки шариковые комплект;Канцтовары;73;17520;6832.8;2025-10-10 16:30:00+00
SALE007137;SKU010;Оперативная память 16GB DDR4;Комплектующие;15;56850;35815.5;2025-10-10 16:30:00+00
SALE007138;SKU011;Роутер TP-Link Archer;Сетевое оборудование;16;51060.8;32110.4;2025-10-10 16:50:00+00
SALE007139;SKU012;Коммутатор 8 портов;Сетевое оборудование;14;28513.8;18396.0;2025-10-10 09:50:00+00
SALE007140;SKU013;Наушники JBL;Электроника;21;62790;35162.4;2025-10-10 15:10:00+00
SALE007141;SKU014;Веб-камера Full HD;Электроника;5;10950;5913.0;2025-10-10 10:20:00+00
SALE007142;SKU015;Коврик для мыши XL;Аксессуары;22;17380;7821.0;2025-10-10 19:10:00+00
SALE007143;SKU001;Беспроводная мышь Logitech;Электроника;23;34270;19876.6;2025-10-11 17:50:00+00
SALE007144;SKU002;Клавиатура механическая Redragon;Электроника;15;59850;32917.5;2025-10-11 10:50:00+00
SALE007145;SKU003;Монитор 24 дюйма Samsung;Электроника;3;36242.1;28058.4;2025-10-11 14:40:00+00
SALE007146;SKU004;USB-C кабель 1м;Аксессуары;32;11606.4;5241.6;2025-10-11 14:20:00+00
SALE007147;SKU005;Power Bank 20000 mAh;Аксессуары;19;45890.7;26966.7;2025-10-11 14:20:00+00
SALE007148;SKU006;Картридж HP 305;Расходники;14;22260;10462.2;2025-10-11 20:30:00+00
SALE007149;SKU007;Бумага А4 500 листов;Канцтовары;105;42777.0;27342.0;2025-10-11 17:10:00+00
SALE007150;SKU008;Ручки шариковые комплект;Канцтовары;36;8640;3369.6;2025-10-11 17:00:00+00
SALE007151;SKU009;SSD 1TB Kingston;Комплектующие;6;36214.2;26479.2;2025-10-11 14:20:00+00
SALE007152;SKU010;Оперативная память 16GB DDR4;Комплектующие;9;31722.3;21489.3;2025-10-11 19:10:00+00
SALE007153;SKU011;Роутер TP-Link Archer;Сетевое оборудование;9;27537.3;18062.1;2025-10-11 20:00:00+00
SALE007154;SKU012;Коммутатор 8 портов;Сетевое оборудование;9;19118.7;11826.0;2025-10-11 18:50:00+00
SALE007155;SKU013;Наушники JBL;Электроника;8;22724.0;13395.2;2025-10-11 16:10:00+00
SALE007156;SKU014;Веб-камера Full HD;Электроника;8;17520;9460.8;2025-10-11 15:10:00+00
SALE007157;SKU015;Коврик для мыши XL;Аксессуары;19;15010;6754.5;2025-10-11 15:40:00+00
SALE007158;SKU001;Беспроводная мышь Logitech;Электроника;25;35387.5;21605.0;2025-10-12 20:00:00+00
SALE007159;SKU002;Клавиатура механическая Redragon;Электроника;17;64438.5;37306.5;2025-10-12 12:00:00+00
SALE007160;SKU003;Монитор 24 дюйма Samsung;Электроника;7;84564.9;65469.6;2025-10-12 14:40:00+00
SALE007161;SKU004;USB-C кабель 1м;Аксессуары;40;15600;6552.0;2025-10-12 10:10:00+00
SALE007162;SKU005;Power Bank 20000 mAh;Аксессуары;24;55576.8;34063.2;2025-10-12 09:40:00+00
SALE007163;SKU006;Картридж HP 305;Расходники;26;39273.0;19429.8;2025-10-12 17:00:00+00
SALE007164;SKU007;Бумага А4 500 листов;Канцтовары;35;14700;9114.0;2025-10-12 14:50:00+00
SALE007165;SKU008;Ручки шариковые комплект;Канцтовары;34;8160;3182.4;2025-10-12 10:50:00+00
SALE007166;SKU009;SSD 1TB Kingston;Комплектующие;9;58410;39718.8;2025-10-12 17:30:00+00
SALE007167;SKU010;Оперативная память 16GB DDR4;Комплектующие;11;41690;26264.7;2025-10-12 20:30:00+00
SALE007168;SKU011;Роутер TP-Link Archer;Сетевое оборудование;11;36190;22075.9;2025-10-12 11:30:00+00
SALE007169;SKU012;Коммутатор 8 портов;Сетевое оборудование;3;6570;3942.0;2025-10-12 10:00:00+00
SALE007170;SKU013;Наушники JBL;Электроника;17;50830;28464.8;2025-10-12 12:30:00+00
SALE007171;SKU014;Веб-камера Full HD;Электроника;8;16644.0;9460.8;2025-10-12 15:50:00+00
SALE007172;SKU015;Коврик для мыши XL;Аксессуары;18;13793.4;6399.0;2025-10-12 17:10:00+00
SALE007173;SKU001;Беспроводная мышь Logitech;Электроника;23;34270;19876.6;2025-10-13 14:20:00+00
SALE007174;SKU002;Клавиатура механическая Redragon;Электроника;18;66792.6;39501.0;2025-10-13 18:10:00+00
SALE007175;SKU003;Монитор 24 дюйма Samsung;Электроника;8;100802.4;74822.4;2025-10-13 16:00:00+00
SALE007176;SKU004;USB-C кабель 1м;Аксессуары;49;17772.3;8026.2;2025-10-13 20:50:00+00
SALE007177;SKU005;Power Bank 20000 mAh;Аксессуары;25;62250;35482.5;2025-10-13 13:50:00+00
SALE007178;SKU006;Картридж HP 305;Расходники;49;75572.7;36617.7;2025-10-13 10:00:00+00
SALE007179;SKU007;Бумага А4 500 листов;Канцтовары;53;21147.0;13801.2;2025-10-13 16:10:00+00
SALE007180;SKU008;Ручки шариковые комплект;Канцтовары;32;7296.0;2995.2;2025-10-13 20:30:00+00
SALE007181;SKU009;SSD 1TB Kingston;Комплектующие;18;108642.6;79437.6;2025-10-13 10:00:00+00
SALE007182;SKU010;Оперативная память 16GB DDR4;Комплектующие;26;91642.2;62080.2;2025-10-13 16:10:00+00
SALE007183;SKU011;Роутер TP-Link Archer;Сетевое оборудование;11;36190;22075.9;2025-10-13 16:50:00+00
SALE007184;SKU012;Коммутатор 8 портов;Сетевое оборудование;21;44610.3;27594.0;2025-10-13 11:40:00+00
SALE007185;SKU013;Наушники JBL;Электроника;23;63956.1;38511.2;2025-10-13 20:50:00+00
SALE007186;SKU014;Веб-камера Full HD;Электроника;18;36660.6;21286.8;2025-10-13 20:50:00+00
SALE007187;SKU015;Коврик для мыши XL;Аксессуары;27;19836.9;9598.5;2025-10-13 19:50:00+00
SALE007188;SKU001;Беспроводная мышь Logitech;Электроника;24;35760;20740.8;2025-10-14 09:10:00+00
SALE007189;SKU002;Клавиатура механическая Redragon;Электроника;23;91770;50473.5;2025-10-14 11:10:00+00
SALE007190;SKU004;USB-C кабель 1м;Аксессуары;54;20428.2;8845.2;2025-10-14 09:40:00+00
SALE007191;SKU005;Power Bank 20000 mAh;Аксессуары;26;64740;36901.8;2025-10-14 10:20:00+00
SALE007192;SKU006;Картридж HP 305;Расходники;31;47811.3;23166.3;2025-10-14 14:40:00+00
SALE007193;SKU007;Бумага А4 500 листов;Канцтовары;52;21184.8;13540.8;2025-10-14 15:20:00+00
SALE007194;SKU008;Ручки шариковые комплект;Канцтовары;33;7365.6;3088.8;2025-10-14 17:20:00+00
SALE007195;SKU009;SSD 1TB Kingston;Комплектующие;14;90860;61784.8;2025-10-14 12:20:00+00
SALE007196;SKU010;Оперативная память 16GB DDR4;Комплектующие;19;72010;45366.3;2025-10-14 11:50:00+00
SALE007197;SKU011;Роутер TP-Link Archer;Сетевое оборудование;12;39480;24082.8;2025-10-14 13:00:00+00
SALE007198;SKU012;Коммутатор 8 портов;Сетевое оборудование;8;16293.6;10512.0;2025-10-14 14:30:00+00
SALE007199;SKU013;Наушники JBL;Электроника;16;44491.2;26790.4;2025-10-14 20:50:00+00
SALE007200;SKU014;Веб-камера Full HD;Электроника;10;21900;11826.0;2025-10-14 11:50:00+00
SALE007201;SKU015;Коврик для мыши XL;Аксессуары;104;82160;36972.0;2025-10-14 16:20:00+00
SALE007202;SKU001;Беспроводная мышь Logitech;Электроника;26;38740;22469.2;2025-10-15 09:30:00+00
SALE007203;SKU002;Клавиатура механическая Redragon;Электроника;11;40817.7;24139.5;2025-10-15 19:50:00+00
SALE007204;SKU003;Монитор 24 дюйма Samsung;Электроника;10;129900;93528.0;2025-10-15 19:50:00+00
SALE007205;SKU004;USB-C кабель 1м;Аксессуары;57;21563.1;9336.6;2025-10-15 15:20:00+00
SALE007206;SKU005;Power Bank 20000 mAh;Аксессуары;31;74874.3;43998.3;2025-10-15 11:50:00+00
SALE007207;SKU006;Картридж HP 305;Расходники;29;46110;21671.7;2025-10-15 13:40:00+00
SALE007208;SKU007;Бумага А4 500 листов;Канцтовары;57;23221.8;14842.8;2025-10-15 18:50:00+00
SALE007209;SKU008;Ручки шариковые комплект;Канцтовары;33;7920;3088.8;2025-10-15 17:30:00+00
SALE007210;SKU010;Оперативная память 16GB DDR4;Комплектующие;16;60640;38203.2;2025-10-15 20:50:00+00
SALE007211;SKU011;Роутер TP-Link Archer;Сетевое оборудование;18;59220;36124.2;2025-10-15 13:30:00+00
SALE007212;SKU012;Коммутатор 8 портов;Сетевое оборудование;24;48880.8;31536.0;2025-10-15 17:00:00+00
SALE007213;SKU013;Наушники JBL;Электроника;13;36926.5;21767.2;2025-10-15 13:10:00+00
SALE007214;SKU014;Веб-камера Full HD;Электроника;9;19710;10643.4;2025-10-15 14:30:00+00
SALE007215;SKU015;Коврик для мыши XL;Аксессуары;22;17380;7821.0;2025-10-15 16:50:00+00
SALE007216;SKU001;Беспроводная мышь Logitech;Электроника;28;38799.6;24197.6;2025-10-16 18:30:00+00
SALE007217;SKU002;Клавиатура механическая Redragon;Электроника;11;42573.3;24139.5;2025-10-16 11:50:00+00
SALE007218;SKU003;Монитор 24 дюйма Samsung;Электроника;8;96645.6;74822.4;2025-10-16 18:40:00+00
SALE007219;SKU004;USB-C кабель 1м;Аксессуары;81;30642.3;13267.8;2025-10-16 18:30:00+00
SALE007220;SKU005;Power Bank 20000 mAh;Аксессуары;15;34735.5;21289.5;2025-10-16 17:10:00+00
SALE007221;SKU006;Картридж HP 305;Расходники;36;54378.0;26902.8;2025-10-16 15:20:00+00
SALE007222;SKU007;Бумага А4 500 листов;Канцтовары;50;19950.0;13020.0;2025-10-16 16:20:00+00
SALE007223;SKU008;Ручки шариковые комплект;Канцтовары;42;10080;3931.2;2025-10-16 17:50:00+00
SALE007224;SKU009;SSD 1TB Kingston;Комплектующие;10;64900;44132.0;2025-10-16 13:20:00+00
SALE007225;SKU010;Оперативная память 16GB DDR4;Комплектующие;27;102330;64467.9;2025-10-16 11:00:00+00
SALE007226;SKU011;Роутер TP-Link Archer;Сетевое оборудование;10;31255.0;20069.0;2025-10-16 19:10:00+00
SALE007227;SKU012;Коммутатор 8 портов;Сетевое оборудование;11;24090;14454.0;2025-10-16 17:00:00+00
SALE007228;SKU013;Наушники JBL;Электроника;23;68770;38511.2;2025-10-16 15:50:00+00
SALE007229;SKU014;Веб-камера Full HD;Электроника;18;39420;21286.8;2025-10-16 12:20:00+00
SALE007230;SKU015;Коврик для мыши XL;Аксессуары;20;15800;7110.0;2025-10-16 16:50:00+00
SALE007231;SKU001;Беспроводная мышь Logitech;Электроника;19;26328.3;16419.8;2025-10-17 12:10:00+00
SALE007232;SKU002;Клавиатура механическая Redragon;Электроника;28;111720;61446.0;2025-10-17 15:50:00+00
SALE007233;SKU003;Монитор 24 дюйма Samsung;Электроника;8;103920;74822.4;2025-10-17 11:00:00+00
SALE007234;SKU004;USB-C кабель 1м;Аксессуары;85;33150;13923.0;2025-10-17 16:20:00+00
SALE007235;SKU005;Power Bank 20000 mAh;Аксессуары;12;28386.0;17031.6;2025-10-17 13:50:00+00
SALE007236;SKU006;Картридж HP 305;Расходники;31;49290;23166.3;2025-10-17 10:10:00+00
SALE007237;SKU007;Бумага А4 500 листов;Канцтовары;78;32760;20311.2;2025-10-17 09:00:00+00
SALE007238;SKU008;Ручки шариковые комплект;Канцтовары;21;5040;1965.6;2025-10-17 10:20:00+00
SALE007239;SKU010;Оперативная память 16GB DDR4;Комплектующие;16;60640;38203.2;2025-10-17 14:30:00+00
SALE007240;SKU011;Роутер TP-Link Archer;Сетевое оборудование;14;42835.8;28096.6;2025-10-17 19:40:00+00
SALE007241;SKU012;Коммутатор 8 портов;Сетевое оборудование;15;31864.5;19710.0;2025-10-17 13:30:00+00
SALE007242;SKU013;Наушники JBL;Электроника;18;52205.4;30139.2;2025-10-17 20:50:00+00
SALE007243;SKU014;Веб-камера Full HD;Электроника;10;21900;11826.0;2025-10-17 12:40:00+00
SALE007244;SKU015;Коврик для мыши XL;Аксессуары;15;11257.5;5332.5;2025-10-17 19:40:00+00
SALE007245;SKU001;Беспроводная мышь Logitech;Электроника;12;16986.0;10370.4;2025-10-18 10:30:00+00
SALE007246;SKU002;Клавиатура механическая Redragon;Электроника;20;79800;43890.0;2025-10-18 20:50:00+00
SALE007247;SKU003;Монитор 24 дюйма Samsung;Электроника;7;88202.1;65469.6;2025-10-18 13:40:00+00
SALE007248;SKU004;USB-C кабель 1м;Аксессуары;37;13997.1;6060.6;2025-10-18 19:20:00+00
SALE007249;SKU005;Power Bank 20000 mAh;Аксессуары;18;41682.6;25547.4;2025-10-18 17:00:00+00
SALE007250;SKU006;Картридж HP 305;Расходники;15;23134.5;11209.5;2025-10-18 17:10:00+00
SALE007251;SKU007;Бумага А4 500 листов;Канцтовары;29;11571.0;7551.6;2025-10-18 12:20:00+00
SALE007252;SKU008;Ручки шариковые комплект;Канцтовары;43;9597.6;4024.8;2025-10-18 20:10:00+00
SALE007253;SKU009;SSD 1TB Kingston;Комплектующие;10;61655.0;44132.0;2025-10-18 14:20:00+00
SALE007254;SKU010;Оперативная память 16GB DDR4;Комплектующие;14;51468.2;33427.8;2025-10-18 12:10:00+00
SALE007255;SKU011;Роутер TP-Link Archer;Сетевое оборудование;6;18753.0;12041.4;2025-10-18 18:10:00+00
SALE007256;SKU012;Коммутатор 8 портов;Сетевое оборудование;10;21900;13140.0;2025-10-18 20:50:00+00
SALE007257;SKU013;Наушники JBL;Электроника;17;49305.1;28464.8;2025-10-18 15:40:00+00
SALE007258;SKU014;Веб-камера Full HD;Электроника;12;26280;14191.2;2025-10-18 16:50:00+00
SALE007259;SKU015;Коврик для мыши XL;Аксессуары;15;11494.5;5332.5;2025-10-18 11:10:00+00
SALE007260;SKU001;Беспроводная мышь Logitech;Электроника;25;37250;21605.0;2025-10-19 12:20:00+00
SALE007261;SKU002;Клавиатура механическая Redragon;Электроника;11;43890;24139.5;2025-10-19 19:40:00+00
SALE007262;SKU003;Монитор 24 дюйма Samsung;Электроника;11;142890;102880.8;2025-10-19 20:30:00+00
SALE007263;SKU004;USB-C кабель 1м;Аксессуары;33;12483.9;5405.4;2025-10-19 12:20:00+00
SALE007264;SKU005;Power Bank 20000 mAh;Аксессуары;10;23157.0;14193.0;2025-10-19 09:40:00+00
SALE007265;SKU006;Картридж HP 305;Расходники;16;24676.8;11956.8;2025-10-19 16:10:00+00
SALE007266;SKU007;Бумага А4 500 листов;Канцтовары;28;11172.0;7291.2;2025-10-19 19:30:00+00
SALE007267;SKU008;Ручки шариковые комплект;Канцтовары;28;6384.0;2620.8;2025-10-19 10:40:00+00
SALE007268;SKU009;SSD 1TB Kingston;Комплектующие;29;178799.5;127982.8;2025-10-19 18:10:00+00
SALE007269;SKU010;Оперативная память 16GB DDR4;Комплектующие;16;57608.0;38203.2;2025-10-19 19:00:00+00
SALE007270;SKU011;Роутер TP-Link Archer;Сетевое оборудование;5;16450;10034.5;2025-10-19 14:00:00+00
SALE007271;SKU012;Коммутатор 8 портов;Сетевое оборудование;7;15330;9198.0;2025-10-19 13:00:00+00
SALE007272;SKU013;Наушники JBL;Электроника;18;53820;30139.2;2025-10-19 13:30:00+00
SALE007273;SKU014;Веб-камера Full HD;Электроника;15;32850;17739.0;2025-10-19 12:20:00+00
SALE007274;SKU015;Коврик для мыши XL;Аксессуары;23;18170;8176.5;2025-10-19 20:40:00+00
SALE007275;SKU001;Беспроводная мышь Logitech;Электроника;22;32780;19012.4;2025-10-20 12:40:00+00
SALE007276;SKU002;Клавиатура механическая Redragon;Электроника;18;71820;39501.0;2025-10-20 09:30:00+00
SALE007277;SKU003;Монитор 24 дюйма Samsung;Электроника;10;129900;93528.0;2025-10-20 18:00:00+00
SALE007278;SKU004;USB-C кабель 1м;Аксессуары;62;24180;10155.6;2025-10-20 15:50:00+00
SALE007279;SKU005;Power Bank 20000 mAh;Аксессуары;21;49675.5;29805.3;2025-10-20 19:00:00+00
SALE007280;SKU006;Картридж HP 305;Расходники;28;44520;20924.4;2025-10-20 11:20:00+00
SALE007281;SKU007;Бумага А4 500 листов;Канцтовары;81;31638.6;21092.4;2025-10-20 14:10:00+00
SALE007282;SKU008;Ручки шариковые комплект;Канцтовары;112;26880;10483.2;2025-10-20 20:00:00+00
SALE007283;SKU009;SSD 1TB Kingston;Комплектующие;16;96571.2;70611.2;2025-10-20 13:50:00+00
SALE007284;SKU010;Оперативная память 16GB DDR4;Комплектующие;20;75800;47754.0;2025-10-20 11:30:00+00
SALE007285;SKU011;Роутер TP-Link Archer;Сетевое оборудование;10;32900;20069.0;2025-10-20 12:40:00+00
SALE007286;SKU012;Коммутатор 8 портов;Сетевое оборудование;10;20805.0;13140.0;2025-10-20 17:00:00+00
SALE007287;SKU013;Наушники JBL;Электроника;19;56810;31813.6;2025-10-20 12:40:00+00
SALE007288;SKU014;Веб-камера Full HD;Электроника;11;24090;13008.6;2025-10-20 14:40:00+00
SALE007289;SKU015;Коврик для мыши XL;Аксессуары;38;28519.0;13509.0;2025-10-20 11:50:00+00
SALE007290;SKU001;Беспроводная мышь Logitech;Электроника;36;50958.0;31111.2;2025-10-21 20:10:00+00
SALE007291;SKU002;Клавиатура механическая Redragon;Электроника;9;33396.3;19750.5;2025-10-21 18:10:00+00
SALE007292;SKU004;USB-C кабель 1м;Аксессуары;50;18915.0;8190.0;2025-10-21 09:30:00+00
SALE007293;SKU005;Power Bank 20000 mAh;Аксессуары;16;39840;22708.8;2025-10-21 12:10:00+00
SALE007294;SKU006;Картридж HP 305;Расходники;22;34980;16440.6;2025-10-21 10:20:00+00
SALE007295;SKU007;Бумага А4 500 листов;Канцтовары;43;18060;11197.2;2025-10-21 20:20:00+00
SALE007296;SKU008;Ручки шариковые комплект;Канцтовары;54;12052.8;5054.4;2025-10-21 09:40:00+00
SALE007297;SKU009;SSD 1TB Kingston;Комплектующие;11;71390;48545.2;2025-10-21 17:50:00+00
SALE007298;SKU010;Оперативная память 16GB DDR4;Комплектующие;13;49270;31040.1;2025-10-21 13:20:00+00
SALE007299;SKU011;Роутер TP-Link Archer;Сетевое оборудование;11;34380.5;22075.9;2025-10-21 16:00:00+00
SALE007300;SKU012;Коммутатор 8 портов;Сетевое оборудование;9;18330.3;11826.0;2025-10-21 20:50:00+00
SALE007301;SKU013;Наушники JBL;Электроника;22;65780;36836.8;2025-10-21 11:20:00+00
SALE007302;SKU014;Веб-камера Full HD;Электроника;9;18724.5;10643.4;2025-10-21 20:10:00+00
SALE007303;SKU015;Коврик для мыши XL;Аксессуары;22;17380;7821.0;2025-10-21 17:30:00+00
SALE007304;SKU001;Беспроводная мышь Logitech;Электроника;57;80683.5;49259.4;2025-10-22 09:20:00+00
SALE007305;SKU002;Клавиатура механическая Redragon;Электроника;15;59850;32917.5;2025-10-22 10:00:00+00
SALE007306;SKU004;USB-C кабель 1м;Аксессуары;62;24180;10155.6;2025-10-22 18:10:00+00
SALE007307;SKU005;Power Bank 20000 mAh;Аксессуары;20;49800;28386.0;2025-10-22 20:20:00+00
SALE007308;SKU006;Картридж HP 305;Расходники;11;16265.7;8220.3;2025-10-22 20:40:00+00
SALE007309;SKU007;Бумага А4 500 листов;Канцтовары;44;18480;11457.6;2025-10-22 20:20:00+00
SALE007310;SKU008;Ручки шариковые комплект;Канцтовары;48;11520;4492.8;2025-10-22 14:50:00+00
SALE007311;SKU009;SSD 1TB Kingston;Комплектующие;10;61655.0;44132.0;2025-10-22 16:10:00+00
SALE007312;SKU010;Оперативная память 16GB DDR4;Комплектующие;19;69849.7;45366.3;2025-10-22 10:20:00+00
SALE007313;SKU011;Роутер TP-Link Archer;Сетевое оборудование;12;39480;24082.8;2025-10-22 15:40:00+00
SALE007314;SKU012;Коммутатор 8 портов;Сетевое оборудование;10;20805.0;13140.0;2025-10-22 09:40:00+00
SALE007315;SKU013;Наушники JBL;Электроника;24;71760;40185.6;2025-10-22 11:50:00+00
SALE007316;SKU014;Веб-камера Full HD;Электроника;8;17520;9460.8;2025-10-22 11:10:00+00
SALE007317;SKU015;Коврик для мыши XL;Аксессуары;33;26070;11731.5;2025-10-22 16:40:00+00
SALE007318;SKU001;Беспроводная мышь Logitech;Электроника;35;52150;30247.0;2025-10-23 19:10:00+00
SALE007319;SKU002;Клавиатура механическая Redragon;Электроника;15;58054.5;32917.5;2025-10-23 18:40:00+00
SALE007320;SKU003;Монитор 24 дюйма Samsung;Электроника;6;77940;56116.8;2025-10-23 12:10:00+00
SALE007321;SKU004;USB-C кабель 1м;Аксессуары;53;20670;8681.4;2025-10-23 19:30:00+00
SALE007322;SKU005;Power Bank 20000 mAh;Аксессуары;22;52041.0;31224.6;2025-10-23 10:30:00+00
SALE007323;SKU006;Картридж HP 305;Расходники;20;30846.0;14946.0;2025-10-23 09:40:00+00
SALE007324;SKU007;Бумага А4 500 листов;Канцтовары;77;30076.2;20050.8;2025-10-23 09:40:00+00
SALE007325;SKU008;Ручки шариковые комплект;Канцтовары;21;5040;1965.6;2025-10-23 09:40:00+00
SALE007326;SKU009;SSD 1TB Kingston;Комплектующие;14;90860;61784.8;2025-10-23 10:00:00+00
SALE007327;SKU010;Оперативная память 16GB DDR4;Комплектующие;20;75800;47754.0;2025-10-23 17:50:00+00
SALE007328;SKU011;Роутер TP-Link Archer;Сетевое оборудование;13;40631.5;26089.7;2025-10-23 19:50:00+00
SALE007329;SKU012;Коммутатор 8 портов;Сетевое оборудование;15;32850;19710.0;2025-10-23 17:50:00+00
SALE007330;SKU013;Наушники JBL;Электроника;9;25564.5;15069.6;2025-10-23 19:50:00+00
SALE007331;SKU014;Веб-камера Full HD;Электроника;7;14256.9;8278.2;2025-10-23 11:50:00+00
SALE007332;SKU015;Коврик для мыши XL;Аксессуары;42;30857.4;14931.0;2025-10-23 18:40:00+00
SALE007333;SKU001;Беспроводная мышь Logitech;Электроника;40;55428.0;34568.0;2025-10-24 19:30:00+00
SALE007334;SKU002;Клавиатура механическая Redragon;Электроника;11;43890;24139.5;2025-10-24 20:50:00+00
SALE007335;SKU003;Монитор 24 дюйма Samsung;Электроника;7;84564.9;65469.6;2025-10-24 16:10:00+00
SALE007336;SKU004;USB-C кабель 1м;Аксессуары;47;17413.5;7698.6;2025-10-24 20:40:00+00
SALE007337;SKU005;Power Bank 20000 mAh;Аксессуары;35;81049.5;49675.5;2025-10-24 13:50:00+00
SALE007338;SKU006;Картридж HP 305;Расходники;18;28620;13451.4;2025-10-24 14:20:00+00
SALE007339;SKU007;Бумага А4 500 листов;Канцтовары;85;33201.0;22134.0;2025-10-24 10:40:00+00
SALE007340;SKU008;Ручки шариковые комплект;Канцтовары;30;6840.0;2808.0;2025-10-24 14:00:00+00
SALE007341;SKU009;SSD 1TB Kingston;Комплектующие;11;71390;48545.2;2025-10-24 12:30:00+00
SALE007342;SKU010;Оперативная память 16GB DDR4;Комплектующие;10;37900;23877.0;2025-10-24 09:30:00+00
SALE007343;SKU011;Роутер TP-Link Archer;Сетевое оборудование;12;39480;24082.8;2025-10-24 13:40:00+00
SALE007344;SKU012;Коммутатор 8 портов;Сетевое оборудование;14;29127.0;18396.0;2025-10-24 19:50:00+00
SALE007345;SKU013;Наушники JBL;Электроника;16;47840;26790.4;2025-10-24 10:30:00+00
SALE007346;SKU014;Веб-камера Full HD;Электроника;11;23367.3;13008.6;2025-10-24 18:40:00+00
SALE007347;SKU015;Коврик для мыши XL;Аксессуары;27;20263.5;9598.5;2025-10-24 12:00:00+00
SALE007348;SKU001;Беспроводная мышь Logitech;Электроника;25;35387.5;21605.0;2025-10-25 09:40:00+00
SALE007349;SKU002;Клавиатура механическая Redragon;Электроника;12;47880;26334.0;2025-10-25 10:30:00+00
SALE007350;SKU003;Монитор 24 дюйма Samsung;Электроника;3;38970;28058.4;2025-10-25 09:50:00+00
SALE007351;SKU004;USB-C кабель 1м;Аксессуары;26;9835.8;4258.8;2025-10-25 13:00:00+00
SALE007352;SKU005;Power Bank 20000 mAh;Аксессуары;14;34860;19870.2;2025-10-25 18:00:00+00
SALE007353;SKU006;Картридж HP 305;Расходники;24;36252.0;17935.2;2025-10-25 11:00:00+00
SALE007354;SKU007;Бумага А4 500 листов;Канцтовары;22;9240;5728.8;2025-10-25 18:20:00+00
SALE007355;SKU008;Ручки шариковые комплект;Канцтовары;27;6480;2527.2;2025-10-25 20:30:00+00
SALE007356;SKU009;SSD 1TB Kingston;Комплектующие;8;51920;35305.6;2025-10-25 13:30:00+00
SALE007357;SKU010;Оперативная память 16GB DDR4;Комплектующие;7;24672.9;16713.9;2025-10-25 20:40:00+00
SALE007358;SKU011;Роутер TP-Link Archer;Сетевое оборудование;14;46060;28096.6;2025-10-25 18:30:00+00
SALE007359;SKU012;Коммутатор 8 портов;Сетевое оборудование;8;17520;10512.0;2025-10-25 14:40:00+00
SALE007360;SKU013;Наушники JBL;Электроника;17;48288.5;28464.8;2025-10-25 19:00:00+00
SALE007361;SKU014;Веб-камера Full HD;Электроника;9;18724.5;10643.4;2025-10-25 09:30:00+00
SALE007362;SKU015;Коврик для мыши XL;Аксессуары;13;9551.1;4621.5;2025-10-25 09:00:00+00
SALE007363;SKU001;Беспроводная мышь Logitech;Электроника;22;31796.6;19012.4;2025-10-26 14:30:00+00
SALE007364;SKU002;Клавиатура механическая Redragon;Электроника;10;39900;21945.0;2025-10-26 17:20:00+00
SALE007365;SKU003;Монитор 24 дюйма Samsung;Электроника;9;116910;84175.2;2025-10-26 18:40:00+00
SALE007366;SKU004;USB-C кабель 1м;Аксессуары;30;11700;4914.0;2025-10-26 14:20:00+00
SALE007367;SKU005;Power Bank 20000 mAh;Аксессуары;16;39840;22708.8;2025-10-26 11:00:00+00
SALE007368;SKU006;Картридж HP 305;Расходники;23;34741.5;17187.9;2025-10-26 16:50:00+00
SALE007369;SKU007;Бумага А4 500 листов;Канцтовары;36;14666.4;9374.4;2025-10-26 15:50:00+00
SALE007370;SKU008;Ручки шариковые комплект;Канцтовары;29;6960;2714.4;2025-10-26 19:20:00+00
SALE007371;SKU010;Оперативная память 16GB DDR4;Комплектующие;16;60640;38203.2;2025-10-26 09:30:00+00
SALE007372;SKU011;Роутер TP-Link Archer;Сетевое оборудование;10;32900;20069.0;2025-10-26 19:40:00+00
SALE007373;SKU012;Коммутатор 8 портов;Сетевое оборудование;3;6372.9;3942.0;2025-10-26 10:30:00+00
SALE007374;SKU013;Наушники JBL;Электроника;9;25026.3;15069.6;2025-10-26 12:20:00+00
SALE007375;SKU014;Веб-камера Full HD;Электроника;10;21900;11826.0;2025-10-26 15:20:00+00
SALE007376;SKU015;Коврик для мыши XL;Аксессуары;18;14220;6399.0;2025-10-26 15:00:00+00
SALE007377;SKU001;Беспроводная мышь Logitech;Электроника;25;37250;21605.0;2025-10-27 10:50:00+00
SALE007378;SKU002;Клавиатура механическая Redragon;Электроника;22;87780;48279.0;2025-10-27 19:50:00+00
SALE007379;SKU003;Монитор 24 дюйма Samsung;Электроника;6;75601.8;56116.8;2025-10-27 10:40:00+00
SALE007380;SKU004;USB-C кабель 1м;Аксессуары;64;24960;10483.2;2025-10-27 14:30:00+00
SALE007381;SKU005;Power Bank 20000 mAh;Аксессуары;11;25472.7;15612.3;2025-10-27 17:30:00+00
SALE007382;SKU006;Картридж HP 305;Расходники;29;46110;21671.7;2025-10-27 17:10:00+00
SALE007383;SKU007;Бумага А4 500 листов;Канцтовары;45;17955.0;11718.0;2025-10-27 15:20:00+00
SALE007384;SKU008;Ручки шариковые комплект;Канцтовары;50;11640.0;4680.0;2025-10-27 15:10:00+00
SALE007385;SKU009;SSD 1TB Kingston;Комплектующие;16;98648.0;70611.2;2025-10-27 20:40:00+00
SALE007386;SKU010;Оперативная память 16GB DDR4;Комплектующие;19;66969.3;45366.3;2025-10-27 14:20:00+00
SALE007387;SKU011;Роутер TP-Link Archer;Сетевое оборудование;13;42770;26089.7;2025-10-27 10:10:00+00
SALE007388;SKU012;Коммутатор 8 портов;Сетевое оборудование;8;16293.6;10512.0;2025-10-27 12:20:00+00
SALE007389;SKU013;Наушники JBL;Электроника;14;38929.8;23441.6;2025-10-27 14:50:00+00
SALE007390;SKU014;Веб-камера Full HD;Электроника;16;33988.8;18921.6;2025-10-27 18:50:00+00
SALE007391;SKU015;Коврик для мыши XL;Аксессуары;25;19750;8887.5;2025-10-27 20:10:00+00
SALE007392;SKU001;Беспроводная мышь Logitech;Электроника;23;33241.9;19876.6;2025-10-28 20:20:00+00
SALE007393;SKU002;Клавиатура механическая Redragon;Электроника;20;79800;43890.0;2025-10-28 12:00:00+00
SALE007394;SKU003;Монитор 24 дюйма Samsung;Электроника;5;64950;46764.0;2025-10-28 15:30:00+00
SALE007395;SKU004;USB-C кабель 1м;Аксессуары;67;26130;10974.6;2025-10-28 18:40:00+00
SALE007396;SKU005;Power Bank 20000 mAh;Аксессуары;24;59760;34063.2;2025-10-28 10:00:00+00
SALE007397;SKU006;Картридж HP 305;Расходники;40;59148.0;29892.0;2025-10-28 18:10:00+00
SALE007398;SKU007;Бумага А4 500 листов;Канцтовары;45;17577.0;11718.0;2025-10-28 13:10:00+00
SALE007399;SKU008;Ручки шариковые комплект;Канцтовары;34;7588.8;3182.4;2025-10-28 12:00:00+00
SALE007400;SKU009;SSD 1TB Kingston;Комплектующие;15;97350;66198.0;2025-10-28 19:00:00+00
SALE007401;SKU010;Оперативная память 16GB DDR4;Комплектующие;10;35247.0;23877.0;2025-10-28 14:00:00+00
SALE007402;SKU011;Роутер TP-Link Archer;Сетевое оборудование;17;55930;34117.3;2025-10-28 11:30:00+00
SALE007403;SKU012;Коммутатор 8 портов;Сетевое оборудование;16;33288.0;21024.0;2025-10-28 09:10:00+00
SALE007404;SKU013;Наушники JBL;Электроника;15;42607.5;25116.0;2025-10-28 17:40:00+00
SALE007405;SKU014;Веб-камера Full HD;Электроника;14;29740.2;16556.4;2025-10-28 15:20:00+00
SALE007406;SKU015;Коврик для мыши XL;Аксессуары;18;14220;6399.0;2025-10-28 17:40:00+00
SALE007407;SKU001;Беспроводная мышь Logitech;Электроника;28;41720;24197.6;2025-10-29 14:50:00+00
SALE007408;SKU002;Клавиатура механическая Redragon;Электроника;19;70503.3;41695.5;2025-10-29 10:00:00+00
SALE007409;SKU003;Монитор 24 дюйма Samsung;Электроника;4;49362.0;37411.2;2025-10-29 11:10:00+00
SALE007410;SKU004;USB-C кабель 1м;Аксессуары;31;12090;5077.8;2025-10-29 19:40:00+00
SALE007411;SKU005;Power Bank 20000 mAh;Аксессуары;24;59760;34063.2;2025-10-29 17:20:00+00
SALE007412;SKU006;Картридж HP 305;Расходники;31;45839.7;23166.3;2025-10-29 13:20:00+00
SALE007413;SKU007;Бумага А4 500 листов;Канцтовары;68;28560;17707.2;2025-10-29 13:10:00+00
SALE007414;SKU008;Ручки шариковые комплект;Канцтовары;52;12480;4867.2;2025-10-29 18:00:00+00
SALE007415;SKU009;SSD 1TB Kingston;Комплектующие;11;66392.7;48545.2;2025-10-29 18:20:00+00
SALE007416;SKU010;Оперативная память 16GB DDR4;Комплектующие;13;45821.1;31040.1;2025-10-29 11:20:00+00
SALE007417;SKU011;Роутер TP-Link Archer;Сетевое оборудование;15;49350;30103.5;2025-10-29 15:30:00+00
SALE007418;SKU012;Коммутатор 8 портов;Сетевое оборудование;10;20805.0;13140.0;2025-10-29 19:30:00+00
SALE007419;SKU013;Наушники JBL;Электроника;18;51129.0;30139.2;2025-10-29 15:10:00+00
SALE007420;SKU014;Веб-камера Full HD;Электроника;7;15330;8278.2;2025-10-29 18:00:00+00
SALE007421;SKU015;Коврик для мыши XL;Аксессуары;22;16511.0;7821.0;2025-10-29 11:40:00+00
SALE007422;SKU001;Беспроводная мышь Logitech;Электроника;33;45728.1;28518.6;2025-10-30 12:50:00+00
SALE007423;SKU002;Клавиатура механическая Redragon;Электроника;15;59850;32917.5;2025-10-30 14:00:00+00
SALE007424;SKU004;USB-C кабель 1м;Аксессуары;49;18154.5;8026.2;2025-10-30 14:30:00+00
SALE007425;SKU005;Power Bank 20000 mAh;Аксессуары;17;41060.1;24128.1;2025-10-30 11:50:00+00
SALE007426;SKU006;Картридж HP 305;Расходники;30;45315.0;22419.0;2025-10-30 10:20:00+00
SALE007427;SKU007;Бумага А4 500 листов;Канцтовары;59;24780;15363.6;2025-10-30 18:40:00+00
SALE007428;SKU008;Ручки шариковые комплект;Канцтовары;43;10320;4024.8;2025-10-30 13:30:00+00
SALE007429;SKU009;SSD 1TB Kingston;Комплектующие;15;97350;66198.0;2025-10-30 19:10:00+00
SALE007430;SKU010;Оперативная память 16GB DDR4;Комплектующие;18;68220;42978.6;2025-10-30 10:10:00+00
SALE007431;SKU011;Роутер TP-Link Archer;Сетевое оборудование;13;42770;26089.7;2025-10-30 18:50:00+00
SALE007432;SKU012;Коммутатор 8 портов;Сетевое оборудование;7;15330;9198.0;2025-10-30 19:30:00+00
SALE007433;SKU013;Наушники JBL;Электроника;18;52205.4;30139.2;2025-10-30 16:20:00+00
SALE007434;SKU014;Веб-камера Full HD;Электроника;13;27615.9;15373.8;2025-10-30 16:10:00+00
SALE007435;SKU015;Коврик для мыши XL;Аксессуары;14;10507.0;4977.0;2025-10-30 14:40:00+00
SALE007436;SKU001;Беспроводная мышь Logitech;Электроника;27;40230;23333.4;2025-10-31 10:10:00+00
SALE007437;SKU002;Клавиатура механическая Redragon;Электроника;15;58054.5;32917.5;2025-10-31 18:10:00+00
SALE007438;SKU003;Монитор 24 дюйма Samsung;Электроника;9;116910;84175.2;2025-10-31 13:00:00+00
SALE007439;SKU004;USB-C кабель 1м;Аксессуары;48;17409.6;7862.4;2025-10-31 13:20:00+00
SALE007440;SKU005;Power Bank 20000 mAh;Аксессуары;23;57270;32643.9;2025-10-31 14:10:00+00
SALE007441;SKU006;Картридж HP 305;Расходники;22;33231.0;16440.6;2025-10-31 14:20:00+00
SALE007442;SKU007;Бумага А4 500 листов;Канцтовары;43;17157.0;11197.2;2025-10-31 13:20:00+00
SALE007443;SKU008;Ручки шариковые комплект;Канцтовары;94;21432.0;8798.4;2025-10-31 13:40:00+00
SALE007444;SKU009;SSD 1TB Kingston;Комплектующие;44;271282.0;194180.8;2025-10-31 19:40:00+00
SALE007445;SKU010;Оперативная память 16GB DDR4;Комплектующие;17;64430;40590.9;2025-10-31 09:30:00+00
SALE007446;SKU011;Роутер TP-Link Archer;Сетевое оборудование;15;45895.5;30103.5;2025-10-31 11:40:00+00
SALE007447;SKU012;Коммутатор 8 портов;Сетевое оборудование;10;21900;13140.0;2025-10-31 15:10:00+00
SALE007448;SKU013;Наушники JBL;Электроника;21;60906.3;35162.4;2025-10-31 13:50:00+00
SALE007449;SKU014;Веб-камера Full HD;Электроника;20;40734.0;23652.0;2025-10-31 18:20:00+00
SALE007450;SKU015;Коврик для мыши XL;Аксессуары;39;29269.5;13864.5;2025-10-31 16:30:00+00
SALE007451;SKU001;Беспроводная мышь Logitech;Электроника;43;60866.5;37160.6;2025-11-01 10:20:00+00
SALE007452;SKU002;Клавиатура механическая Redragon;Электроника;14;55860;30723.0;2025-11-01 17:30:00+00
SALE007453;SKU003;Монитор 24 дюйма Samsung;Электроника;7;90930;65469.6;2025-11-01 19:40:00+00
SALE007454;SKU004;USB-C кабель 1м;Аксессуары;45;17550;7371.0;2025-11-01 10:20:00+00
SALE007455;SKU005;Power Bank 20000 mAh;Аксессуары;24;55576.8;34063.2;2025-11-01 12:30:00+00
SALE007456;SKU006;Картридж HP 305;Расходники;28;43184.4;20924.4;2025-11-01 17:40:00+00
SALE007457;SKU007;Бумага А4 500 листов;Канцтовары;76;29685.6;19790.4;2025-11-01 18:20:00+00
SALE007458;SKU008;Ручки шариковые комплект;Канцтовары;37;8880;3463.2;2025-11-01 14:50:00+00
SALE007459;SKU009;SSD 1TB Kingston;Комплектующие;10;64900;44132.0;2025-11-01 15:20:00+00
SALE007460;SKU010;Оперативная память 16GB DDR4;Комплектующие;9;31722.3;21489.3;2025-11-01 15:30:00+00
SALE007461;SKU011;Роутер TP-Link Archer;Сетевое оборудование;10;32900;20069.0;2025-11-01 15:00:00+00
SALE007462;SKU012;Коммутатор 8 портов;Сетевое оборудование;10;21243.0;13140.0;2025-11-01 17:20:00+00
SALE007463;SKU013;Наушники JBL;Электроника;14;41860;23441.6;2025-11-01 15:40:00+00
SALE007464;SKU014;Веб-камера Full HD;Электроника;14;29740.2;16556.4;2025-11-01 19:10:00+00
SALE007465;SKU015;Коврик для мыши XL;Аксессуары;16;12640;5688.0;2025-11-01 09:10:00+00
SALE007466;SKU001;Беспроводная мышь Logitech;Электроника;43;64070;37160.6;2025-11-02 20:00:00+00
SALE007467;SKU002;Клавиатура механическая Redragon;Электроника;22;87780;48279.0;2025-11-02 20:10:00+00
SALE007468;SKU003;Монитор 24 дюйма Samsung;Электроника;8;103920;74822.4;2025-11-02 19:30:00+00
SALE007469;SKU004;USB-C кабель 1м;Аксессуары;52;20280;8517.6;2025-11-02 17:00:00+00
SALE007470;SKU005;Power Bank 20000 mAh;Аксессуары;7;17430;9935.1;2025-11-02 16:50:00+00
SALE007471;SKU006;Картридж HP 305;Расходники;11;16965.3;8220.3;2025-11-02 20:20:00+00
SALE007472;SKU007;Бумага А4 500 листов;Канцтовары;38;14842.8;9895.2;2025-11-02 16:00:00+00
SALE007473;SKU008;Ручки шариковые комплект;Канцтовары;31;6919.2;2901.6;2025-11-02 13:30:00+00
SALE007474;SKU009;SSD 1TB Kingston;Комплектующие;7;44067.1;30892.4;2025-11-02 20:10:00+00
SALE007475;SKU010;Оперативная память 16GB DDR4;Комплектующие;14;49345.8;33427.8;2025-11-02 17:50:00+00
SALE007476;SKU011;Роутер TP-Link Archer;Сетевое оборудование;7;21417.9;14048.3;2025-11-02 12:10:00+00
SALE007477;SKU012;Коммутатор 8 портов;Сетевое оборудование;8;17520;10512.0;2025-11-02 09:40:00+00
SALE007478;SKU013;Наушники JBL;Электроника;13;38870;21767.2;2025-11-02 17:20:00+00
SALE007479;SKU014;Веб-камера Full HD;Электроника;9;18330.3;10643.4;2025-11-02 13:40:00+00
SALE007480;SKU015;Коврик для мыши XL;Аксессуары;32;25280;11376.0;2025-11-02 16:20:00+00
SALE007481;SKU001;Беспроводная мышь Logitech;Электроника;27;37413.9;23333.4;2025-11-03 09:30:00+00
SALE007482;SKU002;Клавиатура механическая Redragon;Электроника;24;95760;52668.0;2025-11-03 09:50:00+00
SALE007483;SKU003;Монитор 24 дюйма Samsung;Электроника;16;201604.8;149644.8;2025-11-03 14:50:00+00
SALE007484;SKU004;USB-C кабель 1м;Аксессуары;47;18330;7698.6;2025-11-03 17:40:00+00
SALE007485;SKU005;Power Bank 20000 mAh;Аксессуары;21;52290;29805.3;2025-11-03 11:50:00+00
SALE007486;SKU006;Картридж HP 305;Расходники;32;50880;23913.6;2025-11-03 13:20:00+00
SALE007487;SKU007;Бумага А4 500 листов;Канцтовары;74;28904.4;19269.6;2025-11-03 19:00:00+00
SALE007488;SKU008;Ручки шариковые комплект;Канцтовары;39;9360;3650.4;2025-11-03 17:50:00+00
SALE007489;SKU009;SSD 1TB Kingston;Комплектующие;11;66392.7;48545.2;2025-11-03 13:30:00+00
SALE007490;SKU010;Оперативная память 16GB DDR4;Комплектующие;14;53060;33427.8;2025-11-03 17:50:00+00
SALE007491;SKU011;Роутер TP-Link Archer;Сетевое оборудование;14;46060;28096.6;2025-11-03 19:10:00+00
SALE007492;SKU012;Коммутатор 8 портов;Сетевое оборудование;8;16293.6;10512.0;2025-11-03 11:00:00+00
SALE007493;SKU013;Наушники JBL;Электроника;24;71760;40185.6;2025-11-03 16:00:00+00
SALE007494;SKU014;Веб-камера Full HD;Электроника;28;61320;33112.8;2025-11-03 13:10:00+00
SALE007495;SKU015;Коврик для мыши XL;Аксессуары;55;43450;19552.5;2025-11-03 16:20:00+00
SALE007496;SKU001;Беспроводная мышь Logitech;Электроника;38;53789.0;32839.6;2025-11-04 12:30:00+00
SALE007497;SKU002;Клавиатура механическая Redragon;Электроника;17;63081.9;37306.5;2025-11-04 15:30:00+00
SALE007498;SKU003;Монитор 24 дюйма Samsung;Электроника;11;132887.7;102880.8;2025-11-04 20:50:00+00
SALE007499;SKU004;USB-C кабель 1м;Аксессуары;35;13650;5733.0;2025-11-04 16:40:00+00
SALE007500;SKU005;Power Bank 20000 mAh;Аксессуары;34;84660;48256.2;2025-11-04 19:00:00+00
SALE007501;SKU006;Картридж HP 305;Расходники;25;39750;18682.5;2025-11-04 18:10:00+00
SALE007502;SKU007;Бумага А4 500 листов;Канцтовары;47;19740;12238.8;2025-11-04 20:50:00+00
SALE007503;SKU008;Ручки шариковые комплект;Канцтовары;63;14364.0;5896.8;2025-11-04 18:20:00+00
SALE007504;SKU009;SSD 1TB Kingston;Комплектующие;15;94429.5;66198.0;2025-11-04 10:30:00+00
SALE007505;SKU010;Оперативная память 16GB DDR4;Комплектующие;17;64430;40590.9;2025-11-04 10:00:00+00
SALE007506;SKU011;Роутер TP-Link Archer;Сетевое оборудование;9;28721.7;18062.1;2025-11-04 16:30:00+00
SALE007507;SKU012;Коммутатор 8 портов;Сетевое оборудование;18;36660.6;23652.0;2025-11-04 13:20:00+00
SALE007508;SKU013;Наушники JBL;Электроника;18;51129.0;30139.2;2025-11-04 18:00:00+00
SALE007509;SKU014;Веб-камера Full HD;Электроника;15;31207.5;17739.0;2025-11-04 20:50:00+00
SALE007510;SKU015;Коврик для мыши XL;Аксессуары;36;28440;12798.0;2025-11-04 18:10:00+00
SALE007511;SKU001;Беспроводная мышь Logitech;Электроника;76;113240;65679.2;2025-11-05 17:30:00+00
SALE007512;SKU002;Клавиатура механическая Redragon;Электроника;26;103740;57057.0;2025-11-05 19:00:00+00
SALE007513;SKU003;Монитор 24 дюйма Samsung;Электроника;11;142890;102880.8;2025-11-05 13:10:00+00
SALE007514;SKU004;USB-C кабель 1м;Аксессуары;58;21036.6;9500.4;2025-11-05 18:20:00+00
SALE007515;SKU005;Power Bank 20000 mAh;Аксессуары;41;96985.5;58191.3;2025-11-05 10:40:00+00
SALE007516;SKU006;Картридж HP 305;Расходники;21;31720.5;15693.3;2025-11-05 16:10:00+00
SALE007517;SKU007;Бумага А4 500 листов;Канцтовары;56;23520;14582.4;2025-11-05 18:40:00+00
SALE007518;SKU008;Ручки шариковые комплект;Канцтовары;25;5580.0;2340.0;2025-11-05 19:40:00+00
SALE007519;SKU010;Оперативная память 16GB DDR4;Комплектующие;14;53060;33427.8;2025-11-05 12:40:00+00
SALE007520;SKU011;Роутер TP-Link Archer;Сетевое оборудование;11;34380.5;22075.9;2025-11-05 13:40:00+00
SALE007521;SKU012;Коммутатор 8 портов;Сетевое оборудование;9;18330.3;11826.0;2025-11-05 15:20:00+00
SALE007522;SKU013;Наушники JBL;Электроника;11;31245.5;18418.4;2025-11-05 14:00:00+00
SALE007523;SKU014;Веб-камера Full HD;Электроника;6;13140;7095.6;2025-11-05 14:30:00+00
SALE007524;SKU015;Коврик для мыши XL;Аксессуары;23;16898.1;8176.5;2025-11-05 09:40:00+00
SALE007525;SKU001;Беспроводная мышь Logitech;Электроника;41;61090;35432.2;2025-11-06 19:50:00+00
SALE007526;SKU002;Клавиатура механическая Redragon;Электроника;14;54184.2;30723.0;2025-11-06 20:20:00+00
SALE007527;SKU004;USB-C кабель 1м;Аксессуары;89;34710;14578.2;2025-11-06 20:20:00+00
SALE007528;SKU005;Power Bank 20000 mAh;Аксессуары;20;49800;28386.0;2025-11-06 17:10:00+00
SALE007529;SKU006;Картридж HP 305;Расходники;24;37015.2;17935.2;2025-11-06 16:00:00+00
SALE007530;SKU007;Бумага А4 500 листов;Канцтовары;64;26880;16665.6;2025-11-06 14:10:00+00
SALE007531;SKU008;Ручки шариковые комплект;Канцтовары;45;10476.0;4212.0;2025-11-06 13:00:00+00
SALE007532;SKU009;SSD 1TB Kingston;Комплектующие;14;86317.0;61784.8;2025-11-06 15:50:00+00
SALE007533;SKU010;Оперативная память 16GB DDR4;Комплектующие;17;64430;40590.9;2025-11-06 18:10:00+00
SALE007534;SKU011;Роутер TP-Link Archer;Сетевое оборудование;24;78960;48165.6;2025-11-06 15:00:00+00
SALE007535;SKU012;Коммутатор 8 портов;Сетевое оборудование;12;26280;15768.0;2025-11-06 10:00:00+00
SALE007536;SKU013;Наушники JBL;Электроника;11;31245.5;18418.4;2025-11-06 12:00:00+00
SALE007537;SKU014;Веб-камера Full HD;Электроника;7;15330;8278.2;2025-11-06 12:10:00+00
SALE007538;SKU015;Коврик для мыши XL;Аксессуары;29;21306.3;10309.5;2025-11-06 11:10:00+00
SALE007539;SKU001;Беспроводная мышь Logitech;Электроника;41;56813.7;35432.2;2025-11-07 14:50:00+00
SALE007540;SKU002;Клавиатура механическая Redragon;Электроника;16;63840;35112.0;2025-11-07 13:20:00+00
SALE007541;SKU003;Монитор 24 дюйма Samsung;Электроника;17;209788.5;158997.6;2025-11-07 15:30:00+00
SALE007542;SKU004;USB-C кабель 1м;Аксессуары;70;27300;11466.0;2025-11-07 19:30:00+00
SALE007543;SKU005;Power Bank 20000 mAh;Аксессуары;17;41060.1;24128.1;2025-11-07 15:00:00+00
SALE007544;SKU006;Картридж HP 305;Расходники;32;48336.0;23913.6;2025-11-07 12:00:00+00
SALE007545;SKU007;Бумага А4 500 листов;Канцтовары;47;19740;12238.8;2025-11-07 17:00:00+00
SALE007546;SKU008;Ручки шариковые комплект;Канцтовары;29;6472.8;2714.4;2025-11-07 17:00:00+00
SALE007547;SKU009;SSD 1TB Kingston;Комплектующие;12;77880;52958.4;2025-11-07 20:00:00+00
SALE007548;SKU010;Оперативная память 16GB DDR4;Комплектующие;20;72010.0;47754.0;2025-11-07 13:20:00+00
SALE007549;SKU011;Роутер TP-Link Archer;Сетевое оборудование;12;39480;24082.8;2025-11-07 09:50:00+00
SALE007550;SKU012;Коммутатор 8 портов;Сетевое оборудование;12;26280;15768.0;2025-11-07 12:10:00+00
SALE007551;SKU013;Наушники JBL;Электроника;25;71012.5;41860.0;2025-11-07 15:50:00+00
SALE007552;SKU014;Веб-камера Full HD;Электроника;11;22885.5;13008.6;2025-11-07 12:00:00+00
SALE007553;SKU015;Коврик для мыши XL;Аксессуары;27;20263.5;9598.5;2025-11-07 12:30:00+00
SALE007554;SKU001;Беспроводная мышь Logitech;Электроника;25;34642.5;21605.0;2025-11-08 17:20:00+00
SALE007555;SKU002;Клавиатура механическая Redragon;Электроника;16;61924.8;35112.0;2025-11-08 18:40:00+00
SALE007556;SKU004;USB-C кабель 1м;Аксессуары;38;13782.6;6224.4;2025-11-08 15:20:00+00
SALE007557;SKU005;Power Bank 20000 mAh;Аксессуары;14;33814.2;19870.2;2025-11-08 17:20:00+00
SALE007558;SKU006;Картридж HP 305;Расходники;23;34741.5;17187.9;2025-11-08 12:50:00+00
SALE007559;SKU007;Бумага А4 500 листов;Канцтовары;43;17518.2;11197.2;2025-11-08 11:10:00+00
SALE007560;SKU008;Ручки шариковые комплект;Канцтовары;22;5280;2059.2;2025-11-08 11:10:00+00
SALE007561;SKU010;Оперативная память 16GB DDR4;Комплектующие;13;45821.1;31040.1;2025-11-08 09:10:00+00
SALE007562;SKU011;Роутер TP-Link Archer;Сетевое оборудование;7;23030;14048.3;2025-11-08 14:20:00+00
SALE007563;SKU012;Коммутатор 8 портов;Сетевое оборудование;10;20367.0;13140.0;2025-11-08 16:40:00+00
SALE007564;SKU013;Наушники JBL;Электроника;15;42607.5;25116.0;2025-11-08 09:30:00+00
SALE007565;SKU014;Веб-камера Full HD;Электроника;10;20367.0;11826.0;2025-11-08 18:00:00+00
SALE007566;SKU015;Коврик для мыши XL;Аксессуары;21;15760.5;7465.5;2025-11-08 20:00:00+00
SALE007567;SKU001;Беспроводная мышь Logitech;Электроника;65;96850;56173.0;2025-11-09 13:20:00+00
SALE007568;SKU002;Клавиатура механическая Redragon;Электроника;33;127719.9;72418.5;2025-11-09 14:00:00+00
SALE007569;SKU003;Монитор 24 дюйма Samsung;Электроника;10;123405.0;93528.0;2025-11-09 11:10:00+00
SALE007570;SKU004;USB-C кабель 1м;Аксессуары;54;21060;8845.2;2025-11-09 20:10:00+00
SALE007571;SKU005;Power Bank 20000 mAh;Аксессуары;13;31398.9;18450.9;2025-11-09 13:40:00+00
SALE007572;SKU006;Картридж HP 305;Расходники;21;31720.5;15693.3;2025-11-09 20:00:00+00
SALE007573;SKU007;Бумага А4 500 листов;Канцтовары;29;12180;7551.6;2025-11-09 12:20:00+00
SALE007574;SKU008;Ручки шариковые комплект;Канцтовары;33;7920;3088.8;2025-11-09 10:30:00+00
SALE007575;SKU010;Оперативная память 16GB DDR4;Комплектующие;13;49270;31040.1;2025-11-09 11:30:00+00
SALE007576;SKU011;Роутер TP-Link Archer;Сетевое оборудование;5;15627.5;10034.5;2025-11-09 16:20:00+00
SALE007577;SKU012;Коммутатор 8 портов;Сетевое оборудование;2;4161.0;2628.0;2025-11-09 10:30:00+00
SALE007578;SKU013;Наушники JBL;Электроника;9;26102.7;15069.6;2025-11-09 14:00:00+00
SALE007579;SKU014;Веб-камера Full HD;Электроника;6;12220.2;7095.6;2025-11-09 13:50:00+00
SALE007580;SKU015;Коврик для мыши XL;Аксессуары;21;15428.7;7465.5;2025-11-09 16:40:00+00
SALE007581;SKU001;Беспроводная мышь Logitech;Электроника;63;91053.9;54444.6;2025-11-10 09:30:00+00
SALE007582;SKU002;Клавиатура механическая Redragon;Электроника;28;106134.0;61446.0;2025-11-10 19:10:00+00
SALE007583;SKU003;Монитор 24 дюйма Samsung;Электроника;8;103920;74822.4;2025-11-10 16:50:00+00
SALE007584;SKU004;USB-C кабель 1м;Аксессуары;55;19948.5;9009.0;2025-11-10 14:30:00+00
SALE007585;SKU005;Power Bank 20000 mAh;Аксессуары;28;67628.4;39740.4;2025-11-10 11:30:00+00
SALE007586;SKU006;Картридж HP 305;Расходники;27;42930;20177.1;2025-11-10 17:00:00+00
SALE007587;SKU007;Бумага А4 500 листов;Канцтовары;66;26334.0;17186.4;2025-11-10 14:20:00+00
SALE007588;SKU008;Ручки шариковые комплект;Канцтовары;31;7440;2901.6;2025-11-10 20:30:00+00
SALE007589;SKU009;SSD 1TB Kingston;Комплектующие;14;84499.8;61784.8;2025-11-10 17:10:00+00
SALE007590;SKU010;Оперативная память 16GB DDR4;Комплектующие;21;79590;50141.7;2025-11-10 19:00:00+00
SALE007591;SKU011;Роутер TP-Link Archer;Сетевое оборудование;14;43757.0;28096.6;2025-11-10 19:10:00+00
SALE007592;SKU012;Коммутатор 8 портов;Сетевое оборудование;9;18330.3;11826.0;2025-11-10 09:30:00+00
SALE007593;SKU013;Наушники JBL;Электроника;14;41860;23441.6;2025-11-10 09:40:00+00
SALE007594;SKU014;Веб-камера Full HD;Электроника;11;24090;13008.6;2025-11-10 11:50:00+00
SALE007595;SKU015;Коврик для мыши XL;Аксессуары;23;17261.5;8176.5;2025-11-10 15:20:00+00
SALE007596;SKU001;Беспроводная мышь Logitech;Электроника;30;44700;25926.0;2025-11-11 15:10:00+00
SALE007597;SKU002;Клавиатура механическая Redragon;Электроника;27;107730;59251.5;2025-11-11 14:00:00+00
SALE007598;SKU003;Монитор 24 дюйма Samsung;Электроника;8;103920;74822.4;2025-11-11 12:20:00+00
SALE007599;SKU004;USB-C кабель 1м;Аксессуары;70;27300;11466.0;2025-11-11 18:30:00+00
SALE007600;SKU005;Power Bank 20000 mAh;Аксессуары;23;54406.5;32643.9;2025-11-11 12:10:00+00
SALE007601;SKU006;Картридж HP 305;Расходники;29;42882.3;21671.7;2025-11-11 09:00:00+00
SALE007602;SKU007;Бумага А4 500 листов;Канцтовары;42;17640;10936.8;2025-11-11 15:00:00+00
SALE007603;SKU008;Ручки шариковые комплект;Канцтовары;35;8148.0;3276.0;2025-11-11 20:20:00+00
SALE007604;SKU009;SSD 1TB Kingston;Комплектующие;21;136290;92677.2;2025-11-11 10:20:00+00
SALE007605;SKU010;Оперативная память 16GB DDR4;Комплектующие;20;73526.0;47754.0;2025-11-11 13:00:00+00
SALE007606;SKU011;Роутер TP-Link Archer;Сетевое оборудование;22;72380;44151.8;2025-11-11 16:20:00+00
SALE007607;SKU012;Коммутатор 8 портов;Сетевое оборудование;6;12483.0;7884.0;2025-11-11 11:10:00+00
SALE007608;SKU013;Наушники JBL;Электроника;28;83720;46883.2;2025-11-11 19:10:00+00
SALE007609;SKU014;Веб-камера Full HD;Электроника;10;21243.0;11826.0;2025-11-11 12:20:00+00
SALE007610;SKU015;Коврик для мыши XL;Аксессуары;27;21330;9598.5;2025-11-11 10:10:00+00
SALE007611;SKU001;Беспроводная мышь Logitech;Электроника;27;37413.9;23333.4;2025-11-12 18:50:00+00
SALE007612;SKU002;Клавиатура механическая Redragon;Электроника;21;83790;46084.5;2025-11-12 18:20:00+00
SALE007613;SKU003;Монитор 24 дюйма Samsung;Электроника;16;197448.0;149644.8;2025-11-12 13:20:00+00
SALE007614;SKU004;USB-C кабель 1м;Аксессуары;57;22230;9336.6;2025-11-12 14:10:00+00
SALE007615;SKU005;Power Bank 20000 mAh;Аксессуары;26;61503.0;36901.8;2025-11-12 19:30:00+00
SALE007616;SKU006;Картридж HP 305;Расходники;17;27030;12704.1;2025-11-12 11:00:00+00
SALE007617;SKU007;Бумага А4 500 листов;Канцтовары;46;19320;11978.4;2025-11-12 17:20:00+00
SALE007618;SKU008;Ручки шариковые комплект;Канцтовары;44;9820.8;4118.4;2025-11-12 14:50:00+00
SALE007619;SKU010;Оперативная память 16GB DDR4;Комплектующие;22;83380;52529.4;2025-11-12 14:30:00+00
SALE007620;SKU011;Роутер TP-Link Archer;Сетевое оборудование;12;39480;24082.8;2025-11-12 20:50:00+00
SALE007621;SKU012;Коммутатор 8 портов;Сетевое оборудование;13;28470;17082.0;2025-11-12 19:40:00+00
SALE007622;SKU013;Наушники JBL;Электроника;23;65331.5;38511.2;2025-11-12 20:10:00+00
SALE007623;SKU014;Веб-камера Full HD;Электроника;25;50917.5;29565.0;2025-11-12 11:00:00+00
SALE007624;SKU015;Коврик для мыши XL;Аксессуары;31;23265.5;11020.5;2025-11-12 12:50:00+00
SALE007625;SKU001;Беспроводная мышь Logitech;Электроника;40;56620.0;34568.0;2025-11-13 11:30:00+00
SALE007626;SKU002;Клавиатура механическая Redragon;Электроника;33;131670;72418.5;2025-11-13 20:30:00+00
SALE007627;SKU004;USB-C кабель 1м;Аксессуары;47;17046.9;7698.6;2025-11-13 20:10:00+00
SALE007628;SKU005;Power Bank 20000 mAh;Аксессуары;75;181147.5;106447.5;2025-11-13 13:30:00+00
SALE007629;SKU006;Картридж HP 305;Расходники;25;37762.5;18682.5;2025-11-13 14:50:00+00
SALE007630;SKU007;Бумага А4 500 листов;Канцтовары;66;26334.0;17186.4;2025-11-13 16:00:00+00
SALE007631;SKU008;Ручки шариковые комплект;Канцтовары;34;7752.0;3182.4;2025-11-13 09:40:00+00
SALE007632;SKU010;Оперативная память 16GB DDR4;Комплектующие;20;70494.0;47754.0;2025-11-13 17:30:00+00
SALE007633;SKU011;Роутер TP-Link Archer;Сетевое оборудование;16;50008.0;32110.4;2025-11-13 19:20:00+00
SALE007634;SKU012;Коммутатор 8 портов;Сетевое оборудование;8;16994.4;10512.0;2025-11-13 15:40:00+00
SALE007635;SKU013;Наушники JBL;Электроника;24;71760;40185.6;2025-11-13 11:40:00+00
SALE007636;SKU014;Веб-камера Full HD;Электроника;8;16644.0;9460.8;2025-11-13 12:10:00+00
SALE007637;SKU015;Коврик для мыши XL;Аксессуары;28;22120;9954.0;2025-11-13 11:10:00+00
SALE007638;SKU001;Беспроводная мышь Logitech;Электроника;33;49170;28518.6;2025-11-14 11:10:00+00
SALE007639;SKU002;Клавиатура механическая Redragon;Электроника;22;87780;48279.0;2025-11-14 11:50:00+00
SALE007640;SKU003;Монитор 24 дюйма Samsung;Электроника;8;103920;74822.4;2025-11-14 10:10:00+00
SALE007641;SKU004;USB-C кабель 1м;Аксессуары;35;13240.5;5733.0;2025-11-14 11:10:00+00
SALE007642;SKU005;Power Bank 20000 mAh;Аксессуары;30;72459.0;42579.0;2025-11-14 12:50:00+00
SALE007643;SKU006;Картридж HP 305;Расходники;22;32531.4;16440.6;2025-11-14 15:20:00+00
SALE007644;SKU007;Бумага А4 500 листов;Канцтовары;83;33814.2;21613.2;2025-11-14 14:20:00+00
SALE007645;SKU008;Ручки шариковые комплект;Канцтовары;83;19920;7768.8;2025-11-14 14:50:00+00
SALE007646;SKU009;SSD 1TB Kingston;Комплектующие;16;96571.2;70611.2;2025-11-14 12:50:00+00
SALE007647;SKU010;Оперативная память 16GB DDR4;Комплектующие;16;60640;38203.2;2025-11-14 19:50:00+00
SALE007648;SKU011;Роутер TP-Link Archer;Сетевое оборудование;18;59220;36124.2;2025-11-14 18:40:00+00
SALE007649;SKU012;Коммутатор 8 портов;Сетевое оборудование;10;21243.0;13140.0;2025-11-14 14:00:00+00
SALE007650;SKU013;Наушники JBL;Электроника;23;68770;38511.2;2025-11-14 14:20:00+00
SALE007651;SKU014;Веб-камера Full HD;Электроника;16;33988.8;18921.6;2025-11-14 10:00:00+00
SALE007652;SKU015;Коврик для мыши XL;Аксессуары;21;16092.3;7465.5;2025-11-14 10:50:00+00
SALE007653;SKU001;Беспроводная мышь Logitech;Электроника;37;51270.9;31975.4;2025-11-15 11:30:00+00
SALE007654;SKU002;Клавиатура механическая Redragon;Электроника;14;54184.2;30723.0;2025-11-15 11:50:00+00
SALE007655;SKU003;Монитор 24 дюйма Samsung;Электроника;9;116910;84175.2;2025-11-15 15:40:00+00
SALE007656;SKU004;USB-C кабель 1м;Аксессуары;53;20670;8681.4;2025-11-15 13:10:00+00
SALE007657;SKU005;Power Bank 20000 mAh;Аксессуары;15;37350;21289.5;2025-11-15 18:20:00+00
SALE007658;SKU006;Картридж HP 305;Расходники;22;32531.4;16440.6;2025-11-15 11:50:00+00
SALE007659;SKU007;Бумага А4 500 листов;Канцтовары;43;18060;11197.2;2025-11-15 11:20:00+00
SALE007660;SKU008;Ручки шариковые комплект;Канцтовары;36;8640;3369.6;2025-11-15 11:10:00+00
SALE007661;SKU009;SSD 1TB Kingston;Комплектующие;8;48285.6;35305.6;2025-11-15 13:10:00+00
SALE007662;SKU010;Оперативная память 16GB DDR4;Комплектующие;10;37900;23877.0;2025-11-15 19:50:00+00
SALE007663;SKU011;Роутер TP-Link Archer;Сетевое оборудование;16;52640;32110.4;2025-11-15 19:00:00+00
SALE007664;SKU012;Коммутатор 8 портов;Сетевое оборудование;7;15330;9198.0;2025-11-15 14:00:00+00
SALE007665;SKU013;Наушники JBL;Электроника;16;47840;26790.4;2025-11-15 12:00:00+00
SALE007666;SKU014;Веб-камера Full HD;Электроника;8;16644.0;9460.8;2025-11-15 18:30:00+00
SALE007667;SKU015;Коврик для мыши XL;Аксессуары;18;14220;6399.0;2025-11-15 16:30:00+00
SALE007668;SKU001;Беспроводная мышь Logitech;Электроника;19;26328.3;16419.8;2025-11-16 11:50:00+00
SALE007669;SKU002;Клавиатура механическая Redragon;Электроника;18;71820;39501.0;2025-11-16 12:40:00+00
SALE007670;SKU003;Монитор 24 дюйма Samsung;Электроника;6;77940;56116.8;2025-11-16 16:40:00+00
SALE007671;SKU004;USB-C кабель 1м;Аксессуары;89;32974.5;14578.2;2025-11-16 13:00:00+00
SALE007672;SKU005;Power Bank 20000 mAh;Аксессуары;15;36229.5;21289.5;2025-11-16 19:00:00+00
SALE007673;SKU006;Картридж HP 305;Расходники;14;22260;10462.2;2025-11-16 14:10:00+00
SALE007674;SKU007;Бумага А4 500 листов;Канцтовары;26;10920;6770.4;2025-11-16 13:20:00+00
SALE007675;SKU008;Ручки шариковые комплект;Канцтовары;27;6480;2527.2;2025-11-16 20:00:00+00
SALE007676;SKU009;SSD 1TB Kingston;Комплектующие;9;54321.3;39718.8;2025-11-16 16:00:00+00
SALE007677;SKU010;Оперативная память 16GB DDR4;Комплектующие;18;68220;42978.6;2025-11-16 12:30:00+00
SALE007678;SKU011;Роутер TP-Link Archer;Сетевое оборудование;14;43757.0;28096.6;2025-11-16 16:10:00+00
SALE007679;SKU012;Коммутатор 8 портов;Сетевое оборудование;9;19710;11826.0;2025-11-16 11:10:00+00
SALE007680;SKU013;Наушники JBL;Электроника;18;53820;30139.2;2025-11-16 16:30:00+00
SALE007681;SKU014;Веб-камера Full HD;Электроника;9;19118.7;10643.4;2025-11-16 10:10:00+00
SALE007682;SKU015;Коврик для мыши XL;Аксессуары;15;11020.5;5332.5;2025-11-16 16:50:00+00
SALE007683;SKU001;Беспроводная мышь Logitech;Электроника;45;62356.5;38889.0;2025-11-17 11:50:00+00
SALE007684;SKU002;Клавиатура механическая Redragon;Электроника;13;51870;28528.5;2025-11-17 11:00:00+00
SALE007685;SKU003;Монитор 24 дюйма Samsung;Электроника;5;64950;46764.0;2025-11-17 14:00:00+00
SALE007686;SKU004;USB-C кабель 1м;Аксессуары;67;24300.9;10974.6;2025-11-17 15:10:00+00
SALE007687;SKU005;Power Bank 20000 mAh;Аксессуары;25;60382.5;35482.5;2025-11-17 14:40:00+00
SALE007688;SKU006;Картридж HP 305;Расходники;32;50880;23913.6;2025-11-17 18:40:00+00
SALE007689;SKU007;Бумага А4 500 листов;Канцтовары;50;19530.0;13020.0;2025-11-17 19:20:00+00
SALE007690;SKU008;Ручки шариковые комплект;Канцтовары;24;5356.8;2246.4;2025-11-17 11:40:00+00
SALE007691;SKU009;SSD 1TB Kingston;Комплектующие;12;73986.0;52958.4;2025-11-17 12:00:00+00
SALE007692;SKU010;Оперативная память 16GB DDR4;Комплектующие;24;90960;57304.8;2025-11-17 15:30:00+00
SALE007693;SKU011;Роутер TP-Link Archer;Сетевое оборудование;15;46882.5;30103.5;2025-11-17 10:00:00+00
SALE007694;SKU012;Коммутатор 8 портов;Сетевое оборудование;6;13140;7884.0;2025-11-17 13:40:00+00
SALE007695;SKU013;Наушники JBL;Электроника;26;73853.0;43534.4;2025-11-17 10:00:00+00
SALE007696;SKU014;Веб-камера Full HD;Электроника;16;33988.8;18921.6;2025-11-17 15:20:00+00
SALE007697;SKU015;Коврик для мыши XL;Аксессуары;19;13959.3;6754.5;2025-11-17 20:20:00+00
SALE007698;SKU001;Беспроводная мышь Logitech;Электроника;38;56620;32839.6;2025-11-18 17:10:00+00
SALE007699;SKU002;Клавиатура механическая Redragon;Электроника;17;63081.9;37306.5;2025-11-18 18:20:00+00
SALE007700;SKU003;Монитор 24 дюйма Samsung;Электроника;9;116910;84175.2;2025-11-18 20:10:00+00
SALE007701;SKU004;USB-C кабель 1м;Аксессуары;85;31492.5;13923.0;2025-11-18 15:30:00+00
SALE007702;SKU005;Power Bank 20000 mAh;Аксессуары;22;53136.6;31224.6;2025-11-18 10:10:00+00
SALE007703;SKU006;Картридж HP 305;Расходники;31;47811.3;23166.3;2025-11-18 18:30:00+00
SALE007704;SKU007;Бумага А4 500 листов;Канцтовары;78;31122.0;20311.2;2025-11-18 11:20:00+00
SALE007705;SKU008;Ручки шариковые комплект;Канцтовары;62;14433.6;5803.2;2025-11-18 12:20:00+00
SALE007706;SKU009;SSD 1TB Kingston;Комплектующие;22;142780;97090.4;2025-11-18 10:50:00+00
SALE007707;SKU010;Оперативная память 16GB DDR4;Комплектующие;10;37900;23877.0;2025-11-18 16:40:00+00
SALE007708;SKU011;Роутер TP-Link Archer;Сетевое оборудование;39;128310;78269.1;2025-11-18 10:30:00+00
SALE007709;SKU012;Коммутатор 8 портов;Сетевое оборудование;11;22885.5;14454.0;2025-11-18 16:50:00+00
SALE007710;SKU013;Наушники JBL;Электроника;21;62790;35162.4;2025-11-18 20:40:00+00
SALE007711;SKU014;Веб-камера Full HD;Электроника;20;43800;23652.0;2025-11-18 18:00:00+00
SALE007712;SKU015;Коврик для мыши XL;Аксессуары;41;32390;14575.5;2025-11-18 20:50:00+00
SALE007713;SKU001;Беспроводная мышь Logitech;Электроника;49;70819.7;42345.8;2025-11-19 13:10:00+00
SALE007714;SKU002;Клавиатура механическая Redragon;Электроника;23;89016.9;50473.5;2025-11-19 13:00:00+00
SALE007715;SKU004;USB-C кабель 1м;Аксессуары;77;30030;12612.6;2025-11-19 19:30:00+00
SALE007716;SKU005;Power Bank 20000 mAh;Аксессуары;30;74700;42579.0;2025-11-19 10:40:00+00
SALE007717;SKU006;Картридж HP 305;Расходники;25;39750;18682.5;2025-11-19 13:30:00+00
SALE007718;SKU007;Бумага А4 500 листов;Канцтовары;49;19551.0;12759.6;2025-11-19 18:50:00+00
SALE007719;SKU008;Ручки шариковые комплект;Канцтовары;41;9840;3837.6;2025-11-19 19:20:00+00
SALE007720;SKU009;SSD 1TB Kingston;Комплектующие;19;114678.3;83850.8;2025-11-19 11:50:00+00
SALE007721;SKU010;Оперативная память 16GB DDR4;Комплектующие;24;90960;57304.8;2025-11-19 19:00:00+00
SALE007722;SKU011;Роутер TP-Link Archer;Сетевое оборудование;19;58134.3;38131.1;2025-11-19 17:10:00+00
SALE007723;SKU012;Коммутатор 8 портов;Сетевое оборудование;9;19118.7;11826.0;2025-11-19 15:40:00+00
SALE007724;SKU013;Наушники JBL;Электроника;31;92690;51906.4;2025-11-19 17:50:00+00
SALE007725;SKU014;Веб-камера Full HD;Электроника;11;22403.7;13008.6;2025-11-19 12:30:00+00
SALE007726;SKU015;Коврик для мыши XL;Аксессуары;25;19750;8887.5;2025-11-19 14:10:00+00
SALE007727;SKU001;Беспроводная мышь Logitech;Электроника;32;45296.0;27654.4;2025-11-20 17:30:00+00
SALE007728;SKU002;Клавиатура механическая Redragon;Электроника;19;73535.7;41695.5;2025-11-20 11:40:00+00
SALE007729;SKU003;Монитор 24 дюйма Samsung;Электроника;10;129900;93528.0;2025-11-20 18:30:00+00
SALE007730;SKU004;USB-C кабель 1м;Аксессуары;55;20377.5;9009.0;2025-11-20 13:40:00+00
SALE007731;SKU005;Power Bank 20000 mAh;Аксессуары;16;37051.2;22708.8;2025-11-20 09:00:00+00
SALE007732;SKU006;Картридж HP 305;Расходники;24;37015.2;17935.2;2025-11-20 16:30:00+00
SALE007733;SKU007;Бумага А4 500 листов;Канцтовары;56;23520;14582.4;2025-11-20 12:40:00+00
SALE007734;SKU008;Ручки шариковые комплект;Канцтовары;41;9840;3837.6;2025-11-20 18:40:00+00
SALE007735;SKU009;SSD 1TB Kingston;Комплектующие;9;54321.3;39718.8;2025-11-20 15:00:00+00
SALE007736;SKU010;Оперативная память 16GB DDR4;Комплектующие;20;75800;47754.0;2025-11-20 11:50:00+00
SALE007737;SKU011;Роутер TP-Link Archer;Сетевое оборудование;12;39480;24082.8;2025-11-20 16:00:00+00
SALE007738;SKU012;Коммутатор 8 портов;Сетевое оборудование;10;20805.0;13140.0;2025-11-20 09:30:00+00
SALE007739;SKU013;Наушники JBL;Электроника;20;58006.0;33488.0;2025-11-20 14:20:00+00
SALE007740;SKU014;Веб-камера Full HD;Электроника;14;28513.8;16556.4;2025-11-20 15:50:00+00
SALE007741;SKU015;Коврик для мыши XL;Аксессуары;26;20540;9243.0;2025-11-20 18:10:00+00
SALE007742;SKU001;Беспроводная мышь Logitech;Электроника;45;67050;38889.0;2025-11-21 11:00:00+00
SALE007743;SKU002;Клавиатура механическая Redragon;Электроника;19;75810;41695.5;2025-11-21 09:20:00+00
SALE007744;SKU003;Монитор 24 дюйма Samsung;Электроника;11;138603.3;102880.8;2025-11-21 20:00:00+00
SALE007745;SKU004;USB-C кабель 1м;Аксессуары;47;17046.9;7698.6;2025-11-21 12:50:00+00
SALE007746;SKU005;Power Bank 20000 mAh;Аксессуары;17;40213.5;24128.1;2025-11-21 09:00:00+00
SALE007747;SKU006;Картридж HP 305;Расходники;20;31800;14946.0;2025-11-21 10:10:00+00
SALE007748;SKU007;Бумага А4 500 листов;Канцтовары;91;35544.6;23696.4;2025-11-21 16:50:00+00
SALE007749;SKU008;Ручки шариковые комплект;Канцтовары;36;8640;3369.6;2025-11-21 17:10:00+00
SALE007750;SKU009;SSD 1TB Kingston;Комплектующие;18;116820;79437.6;2025-11-21 15:40:00+00
SALE007751;SKU010;Оперативная память 16GB DDR4;Комплектующие;23;82811.5;54917.1;2025-11-21 12:10:00+00
SALE007752;SKU011;Роутер TP-Link Archer;Сетевое оборудование;17;52014.9;34117.3;2025-11-21 15:00:00+00
SALE007753;SKU012;Коммутатор 8 портов;Сетевое оборудование;8;16994.4;10512.0;2025-11-21 10:50:00+00
SALE007754;SKU013;Наушники JBL;Электроника;31;86201.7;51906.4;2025-11-21 10:00:00+00
SALE007755;SKU014;Веб-камера Full HD;Электроника;21;45990;24834.6;2025-11-21 11:10:00+00
SALE007756;SKU015;Коврик для мыши XL;Аксессуары;36;28440;12798.0;2025-11-21 20:50:00+00
SALE007757;SKU001;Беспроводная мышь Logitech;Электроника;31;46190;26790.2;2025-11-22 19:40:00+00
SALE007758;SKU002;Клавиатура механическая Redragon;Электроника;19;75810;41695.5;2025-11-22 16:10:00+00
SALE007759;SKU003;Монитор 24 дюйма Samsung;Электроника;7;88202.1;65469.6;2025-11-22 13:50:00+00
SALE007760;SKU004;USB-C кабель 1м;Аксессуары;29;10744.5;4750.2;2025-11-22 13:20:00+00
SALE007761;SKU005;Power Bank 20000 mAh;Аксессуары;11;27390;15612.3;2025-11-22 11:20:00+00
SALE007762;SKU006;Картридж HP 305;Расходники;24;38160;17935.2;2025-11-22 10:30:00+00
SALE007763;SKU007;Бумага А4 500 листов;Канцтовары;38;15162.0;9895.2;2025-11-22 11:40:00+00
SALE007764;SKU008;Ручки шариковые комплект;Канцтовары;32;7680;2995.2;2025-11-22 14:30:00+00
SALE007765;SKU009;SSD 1TB Kingston;Комплектующие;17;104813.5;75024.4;2025-11-22 20:10:00+00
SALE007766;SKU010;Оперативная память 16GB DDR4;Комплектующие;20;75800;47754.0;2025-11-22 09:50:00+00
SALE007767;SKU011;Роутер TP-Link Archer;Сетевое оборудование;12;37506.0;24082.8;2025-11-22 19:30:00+00
SALE007768;SKU012;Коммутатор 8 портов;Сетевое оборудование;8;17520;10512.0;2025-11-22 13:00:00+00
SALE007769;SKU013;Наушники JBL;Электроника;24;68172.0;40185.6;2025-11-22 18:30:00+00
SALE007770;SKU014;Веб-камера Full HD;Электроника;5;10402.5;5913.0;2025-11-22 16:50:00+00
SALE007771;SKU015;Коврик для мыши XL;Аксессуары;16;12640;5688.0;2025-11-22 09:00:00+00
SALE007772;SKU001;Беспроводная мышь Logitech;Электроника;48;66513.6;41481.6;2025-11-23 09:40:00+00
SALE007773;SKU002;Клавиатура механическая Redragon;Электроника;17;65795.1;37306.5;2025-11-23 14:00:00+00
SALE007774;SKU003;Монитор 24 дюйма Samsung;Электроника;5;64950;46764.0;2025-11-23 14:10:00+00
SALE007775;SKU004;USB-C кабель 1м;Аксессуары;90;35100;14742.0;2025-11-23 13:30:00+00
SALE007776;SKU005;Power Bank 20000 mAh;Аксессуары;15;37350;21289.5;2025-11-23 19:50:00+00
SALE007777;SKU006;Картридж HP 305;Расходники;13;20670;9714.9;2025-11-23 11:00:00+00
SALE007778;SKU007;Бумага А4 500 листов;Канцтовары;56;22344.0;14582.4;2025-11-23 16:40:00+00
SALE007779;SKU008;Ручки шариковые комплект;Канцтовары;28;6249.6;2620.8;2025-11-23 17:20:00+00
SALE007780;SKU009;SSD 1TB Kingston;Комплектующие;10;60357.0;44132.0;2025-11-23 09:10:00+00
SALE007781;SKU010;Оперативная память 16GB DDR4;Комплектующие;14;53060;33427.8;2025-11-23 12:10:00+00
SALE007782;SKU011;Роутер TP-Link Archer;Сетевое оборудование;9;29610;18062.1;2025-11-23 15:10:00+00
SALE007783;SKU012;Коммутатор 8 портов;Сетевое оборудование;8;17520;10512.0;2025-11-23 17:40:00+00
SALE007784;SKU013;Наушники JBL;Электроника;10;29900;16744.0;2025-11-23 13:00:00+00
SALE007785;SKU014;Веб-камера Full HD;Электроника;9;19710;10643.4;2025-11-23 18:00:00+00
SALE007786;SKU015;Коврик для мыши XL;Аксессуары;38;30020;13509.0;2025-11-23 13:20:00+00
SALE007787;SKU001;Беспроводная мышь Logitech;Электроника;40;59600;34568.0;2025-11-24 12:10:00+00
SALE007788;SKU002;Клавиатура механическая Redragon;Электроника;39;147829.5;85585.5;2025-11-24 10:40:00+00
SALE007789;SKU003;Монитор 24 дюйма Samsung;Электроника;9;116910;84175.2;2025-11-24 18:10:00+00
SALE007790;SKU004;USB-C кабель 1м;Аксессуары;43;15596.1;7043.4;2025-11-24 20:40:00+00
SALE007791;SKU005;Power Bank 20000 mAh;Аксессуары;21;52290;29805.3;2025-11-24 12:30:00+00
SALE007792;SKU006;Картридж HP 305;Расходники;31;46825.5;23166.3;2025-11-24 12:50:00+00
SALE007793;SKU007;Бумага А4 500 листов;Канцтовары;52;21840;13540.8;2025-11-24 19:00:00+00
SALE007794;SKU008;Ручки шариковые комплект;Канцтовары;46;10708.8;4305.6;2025-11-24 19:50:00+00
SALE007795;SKU009;SSD 1TB Kingston;Комплектующие;17;102606.9;75024.4;2025-11-24 13:30:00+00
SALE007796;SKU010;Оперативная память 16GB DDR4;Комплектующие;17;61208.5;40590.9;2025-11-24 10:20:00+00
SALE007797;SKU011;Роутер TP-Link Archer;Сетевое оборудование;14;44678.2;28096.6;2025-11-24 18:40:00+00
SALE007798;SKU012;Коммутатор 8 портов;Сетевое оборудование;40;87600;52560.0;2025-11-24 19:50:00+00
SALE007799;SKU013;Наушники JBL;Электроника;15;44850;25116.0;2025-11-24 10:30:00+00
SALE007800;SKU014;Веб-камера Full HD;Электроника;15;31207.5;17739.0;2025-11-24 15:10:00+00
SALE007801;SKU015;Коврик для мыши XL;Аксессуары;25;19157.5;8887.5;2025-11-24 14:10:00+00
SALE007802;SKU001;Беспроводная мышь Logitech;Электроника;33;45728.1;28518.6;2025-11-25 11:20:00+00
SALE007803;SKU002;Клавиатура механическая Redragon;Электроника;20;74214.0;43890.0;2025-11-25 14:40:00+00
SALE007804;SKU004;USB-C кабель 1м;Аксессуары;42;16380;6879.6;2025-11-25 19:40:00+00
SALE007805;SKU005;Power Bank 20000 mAh;Аксессуары;33;82170;46836.9;2025-11-25 11:10:00+00
SALE007806;SKU006;Картридж HP 305;Расходники;23;36570;17187.9;2025-11-25 20:10:00+00
SALE007807;SKU007;Бумага А4 500 листов;Канцтовары;69;27531.0;17967.6;2025-11-25 20:40:00+00
SALE007808;SKU008;Ручки шариковые комплект;Канцтовары;39;8704.8;3650.4;2025-11-25 13:20:00+00
SALE007809;SKU009;SSD 1TB Kingston;Комплектующие;12;72428.4;52958.4;2025-11-25 12:40:00+00
SALE007810;SKU010;Оперативная память 16GB DDR4;Комплектующие;52;197080;124160.4;2025-11-25 14:50:00+00
SALE007811;SKU011;Роутер TP-Link Archer;Сетевое оборудование;12;39480;24082.8;2025-11-25 12:20:00+00
SALE007812;SKU012;Коммутатор 8 портов;Сетевое оборудование;11;22885.5;14454.0;2025-11-25 17:40:00+00
SALE007813;SKU013;Наушники JBL;Электроника;33;91763.1;55255.2;2025-11-25 16:10:00+00
SALE007814;SKU014;Веб-камера Full HD;Электроника;13;28470;15373.8;2025-11-25 18:00:00+00
SALE007815;SKU015;Коврик для мыши XL;Аксессуары;34;26860;12087.0;2025-11-25 19:20:00+00
SALE007816;SKU001;Беспроводная мышь Logitech;Электроника;32;46249.6;27654.4;2025-11-26 17:30:00+00
SALE007817;SKU002;Клавиатура механическая Redragon;Электроника;29;115710;63640.5;2025-11-26 14:10:00+00
SALE007818;SKU003;Монитор 24 дюйма Samsung;Электроника;8;103920;74822.4;2025-11-26 14:00:00+00
SALE007819;SKU004;USB-C кабель 1м;Аксессуары;83;30751.5;13595.4;2025-11-26 10:30:00+00
SALE007820;SKU005;Power Bank 20000 mAh;Аксессуары;36;85158.0;51094.8;2025-11-26 17:00:00+00
SALE007821;SKU006;Картридж HP 305;Расходники;30;46269.0;22419.0;2025-11-26 12:20:00+00
SALE007822;SKU007;Бумага А4 500 листов;Канцтовары;52;20748.0;13540.8;2025-11-26 15:10:00+00
SALE007823;SKU008;Ручки шариковые комплект;Канцтовары;60;14400;5616.0;2025-11-26 12:10:00+00
SALE007824;SKU010;Оперативная память 16GB DDR4;Комплектующие;9;34110;21489.3;2025-11-26 16:50:00+00
SALE007825;SKU011;Роутер TP-Link Archer;Сетевое оборудование;10;32900;20069.0;2025-11-26 14:40:00+00
SALE007826;SKU012;Коммутатор 8 портов;Сетевое оборудование;12;26280;15768.0;2025-11-26 17:20:00+00
SALE007827;SKU013;Наушники JBL;Электроника;31;92690;51906.4;2025-11-26 13:10:00+00
SALE007828;SKU014;Веб-камера Full HD;Электроника;12;26280;14191.2;2025-11-26 16:50:00+00
SALE007829;SKU015;Коврик для мыши XL;Аксессуары;32;25280;11376.0;2025-11-26 16:00:00+00
SALE007830;SKU001;Беспроводная мышь Logitech;Электроника;49;73010;42345.8;2025-11-27 20:10:00+00
SALE007831;SKU002;Клавиатура механическая Redragon;Электроника;19;70503.3;41695.5;2025-11-27 13:30:00+00
SALE007832;SKU004;USB-C кабель 1м;Аксессуары;89;34710;14578.2;2025-11-27 14:20:00+00
SALE007833;SKU005;Power Bank 20000 mAh;Аксессуары;37;92130;52514.1;2025-11-27 10:50:00+00
SALE007834;SKU006;Картридж HP 305;Расходники;24;38160;17935.2;2025-11-27 11:50:00+00
SALE007835;SKU007;Бумага А4 500 листов;Канцтовары;52;21840;13540.8;2025-11-27 18:00:00+00
SALE007836;SKU008;Ручки шариковые комплект;Канцтовары;32;7449.6;2995.2;2025-11-27 13:20:00+00
SALE007837;SKU009;SSD 1TB Kingston;Комплектующие;12;77880;52958.4;2025-11-27 14:00:00+00
SALE007838;SKU010;Оперативная память 16GB DDR4;Комплектующие;15;55144.5;35815.5;2025-11-27 20:10:00+00
SALE007839;SKU011;Роутер TP-Link Archer;Сетевое оборудование;12;39480;24082.8;2025-11-27 11:00:00+00
SALE007840;SKU012;Коммутатор 8 портов;Сетевое оборудование;9;18330.3;11826.0;2025-11-27 09:40:00+00
SALE007841;SKU013;Наушники JBL;Электроника;34;98610.2;56929.6;2025-11-27 12:10:00+00
SALE007842;SKU014;Веб-камера Full HD;Электроника;9;19118.7;10643.4;2025-11-27 13:30:00+00
SALE007843;SKU015;Коврик для мыши XL;Аксессуары;24;18960;8532.0;2025-11-27 10:30:00+00
SALE007844;SKU001;Беспроводная мышь Logitech;Электроника;44;65560;38024.8;2025-11-28 18:10:00+00
SALE007845;SKU002;Клавиатура механическая Redragon;Электроника;40;148428.0;87780.0;2025-11-28 15:20:00+00
SALE007846;SKU003;Монитор 24 дюйма Samsung;Электроника;8;98724.0;74822.4;2025-11-28 20:20:00+00
SALE007847;SKU004;USB-C кабель 1м;Аксессуары;71;26859.3;11629.8;2025-11-28 11:30:00+00
SALE007848;SKU005;Power Bank 20000 mAh;Аксессуары;27;63868.5;38321.1;2025-11-28 19:10:00+00
SALE007849;SKU006;Картридж HP 305;Расходники;26;41340;19429.8;2025-11-28 11:10:00+00
SALE007850;SKU007;Бумага А4 500 листов;Канцтовары;60;25200;15624.0;2025-11-28 18:20:00+00
SALE007851;SKU008;Ручки шариковые комплект;Канцтовары;49;11760;4586.4;2025-11-28 14:10:00+00
SALE007852;SKU009;SSD 1TB Kingston;Комплектующие;13;80151.5;57371.6;2025-11-28 10:50:00+00
SALE007853;SKU010;Оперативная память 16GB DDR4;Комплектующие;18;66173.4;42978.6;2025-11-28 19:00:00+00
SALE007854;SKU011;Роутер TP-Link Archer;Сетевое оборудование;15;47869.5;30103.5;2025-11-28 18:40:00+00
SALE007855;SKU012;Коммутатор 8 портов;Сетевое оборудование;9;19118.7;11826.0;2025-11-28 17:30:00+00
SALE007856;SKU013;Наушники JBL;Электроника;26;75407.8;43534.4;2025-11-28 12:40:00+00
SALE007857;SKU014;Веб-камера Full HD;Электроника;9;18330.3;10643.4;2025-11-28 15:10:00+00
SALE007858;SKU015;Коврик для мыши XL;Аксессуары;30;22041.0;10665.0;2025-11-28 19:00:00+00
SALE007859;SKU001;Беспроводная мышь Logitech;Электроника;43;64070;37160.6;2025-11-29 13:20:00+00
SALE007860;SKU002;Клавиатура механическая Redragon;Электроника;16;63840;35112.0;2025-11-29 09:40:00+00
SALE007861;SKU003;Монитор 24 дюйма Samsung;Электроника;6;74043.0;56116.8;2025-11-29 12:50:00+00
SALE007862;SKU004;USB-C кабель 1м;Аксессуары;36;14040;5896.8;2025-11-29 18:30:00+00
SALE007863;SKU005;Power Bank 20000 mAh;Аксессуары;22;50945.4;31224.6;2025-11-29 16:30:00+00
SALE007864;SKU006;Картридж HP 305;Расходники;20;31800;14946.0;2025-11-29 14:10:00+00
SALE007865;SKU007;Бумага А4 500 листов;Канцтовары;44;18480;11457.6;2025-11-29 13:00:00+00
SALE007866;SKU008;Ручки шариковые комплект;Канцтовары;27;6156.0;2527.2;2025-11-29 12:40:00+00
SALE007867;SKU009;SSD 1TB Kingston;Комплектующие;12;77880;52958.4;2025-11-29 19:30:00+00
SALE007868;SKU010;Оперативная память 16GB DDR4;Комплектующие;10;36005.0;23877.0;2025-11-29 20:50:00+00
SALE007869;SKU011;Роутер TP-Link Archer;Сетевое оборудование;12;39480;24082.8;2025-11-29 15:30:00+00
SALE007870;SKU012;Коммутатор 8 портов;Сетевое оборудование;9;18724.5;11826.0;2025-11-29 09:10:00+00
SALE007871;SKU013;Наушники JBL;Электроника;22;65780;36836.8;2025-11-29 10:30:00+00
SALE007872;SKU014;Веб-камера Full HD;Электроника;14;29740.2;16556.4;2025-11-29 11:30:00+00
SALE007873;SKU015;Коврик для мыши XL;Аксессуары;23;17261.5;8176.5;2025-11-29 12:10:00+00
SALE007874;SKU001;Беспроводная мышь Logitech;Электроника;29;40185.3;25061.8;2025-11-30 20:40:00+00
SALE007875;SKU002;Клавиатура механическая Redragon;Электроника;14;53067.0;30723.0;2025-11-30 10:30:00+00
SALE007876;SKU003;Монитор 24 дюйма Samsung;Электроника;8;103920;74822.4;2025-11-30 11:30:00+00
SALE007877;SKU004;USB-C кабель 1м;Аксессуары;37;13419.9;6060.6;2025-11-30 19:30:00+00
SALE007878;SKU005;Power Bank 20000 mAh;Аксессуары;17;40213.5;24128.1;2025-11-30 11:30:00+00
SALE007879;SKU006;Картридж HP 305;Расходники;23;36570;17187.9;2025-11-30 16:00:00+00
SALE007880;SKU007;Бумага А4 500 листов;Канцтовары;49;19962.6;12759.6;2025-11-30 15:40:00+00
SALE007881;SKU008;Ручки шариковые комплект;Канцтовары;23;5520;2152.8;2025-11-30 16:40:00+00
SALE007882;SKU010;Оперативная память 16GB DDR4;Комплектующие;13;49270;31040.1;2025-11-30 11:10:00+00
SALE007883;SKU011;Роутер TP-Link Archer;Сетевое оборудование;11;36190;22075.9;2025-11-30 10:10:00+00
SALE007884;SKU012;Коммутатор 8 портов;Сетевое оборудование;9;19710;11826.0;2025-11-30 11:50:00+00
SALE007885;SKU013;Наушники JBL;Электроника;18;52205.4;30139.2;2025-11-30 14:20:00+00
SALE007886;SKU014;Веб-камера Full HD;Электроника;10;21243.0;11826.0;2025-11-30 15:20:00+00
SALE007887;SKU015;Коврик для мыши XL;Аксессуары;19;15010;6754.5;2025-11-30 09:40:00+00
SALE007888;SKU001;Беспроводная мышь Logitech;Электроника;61;86345.5;52716.2;2025-12-01 16:20:00+00
SALE007889;SKU002;Клавиатура механическая Redragon;Электроника;29;107610.3;63640.5;2025-12-01 10:20:00+00
SALE007890;SKU003;Монитор 24 дюйма Samsung;Электроника;14;181860;130939.2;2025-12-01 17:40:00+00
SALE007891;SKU004;USB-C кабель 1м;Аксессуары;59;23010;9664.2;2025-12-01 15:40:00+00
SALE007892;SKU005;Power Bank 20000 mAh;Аксессуары;23;54406.5;32643.9;2025-12-01 11:10:00+00
SALE007893;SKU006;Картридж HP 305;Расходники;34;54060;25408.2;2025-12-01 19:00:00+00
SALE007894;SKU007;Бумага А4 500 листов;Канцтовары;48;19152.0;12499.2;2025-12-01 09:30:00+00
SALE007895;SKU008;Ручки шариковые комплект;Канцтовары;39;8704.8;3650.4;2025-12-01 16:30:00+00
SALE007896;SKU009;SSD 1TB Kingston;Комплектующие;19;114678.3;83850.8;2025-12-01 16:20:00+00
SALE007897;SKU010;Оперативная память 16GB DDR4;Комплектующие;25;90012.5;59692.5;2025-12-01 16:50:00+00
SALE007898;SKU011;Роутер TP-Link Archer;Сетевое оборудование;11;35104.3;22075.9;2025-12-01 20:30:00+00
SALE007899;SKU012;Коммутатор 8 портов;Сетевое оборудование;17;34623.9;22338.0;2025-12-01 15:50:00+00
SALE007900;SKU013;Наушники JBL;Электроника;48;143520;80371.2;2025-12-01 13:10:00+00
SALE007901;SKU014;Веб-камера Full HD;Электроника;20;43800;23652.0;2025-12-01 12:20:00+00
SALE007902;SKU015;Коврик для мыши XL;Аксессуары;49;38710;17419.5;2025-12-01 11:00:00+00
SALE007903;SKU001;Беспроводная мышь Logitech;Электроника;31;44804.3;26790.2;2025-12-02 12:10:00+00
SALE007904;SKU002;Клавиатура механическая Redragon;Электроника;32;127680;70224.0;2025-12-02 14:30:00+00
SALE007905;SKU004;USB-C кабель 1м;Аксессуары;99;35907.3;16216.2;2025-12-02 15:00:00+00
SALE007906;SKU005;Power Bank 20000 mAh;Аксессуары;27;62523.9;38321.1;2025-12-02 12:50:00+00
SALE007907;SKU006;Картридж HP 305;Расходники;42;66780;31386.6;2025-12-02 13:00:00+00
SALE007908;SKU007;Бумага А4 500 листов;Канцтовары;39;16380;10155.6;2025-12-02 13:00:00+00
SALE007909;SKU008;Ручки шариковые комплект;Канцтовары;23;5133.6;2152.8;2025-12-02 10:20:00+00
SALE007910;SKU010;Оперативная память 16GB DDR4;Комплектующие;19;72010;45366.3;2025-12-02 12:10:00+00
SALE007911;SKU011;Роутер TP-Link Archer;Сетевое оборудование;20;65800;40138.0;2025-12-02 16:10:00+00
SALE007912;SKU012;Коммутатор 8 портов;Сетевое оборудование;11;22885.5;14454.0;2025-12-02 16:10:00+00
SALE007913;SKU013;Наушники JBL;Электроника;28;81208.4;46883.2;2025-12-02 19:50:00+00
SALE007914;SKU014;Веб-камера Full HD;Электроника;15;30550.5;17739.0;2025-12-02 12:00:00+00
SALE007915;SKU015;Коврик для мыши XL;Аксессуары;26;20540;9243.0;2025-12-02 20:50:00+00
SALE007916;SKU001;Беспроводная мышь Logitech;Электроника;100;144530.0;86420.0;2025-12-03 20:00:00+00
SALE007917;SKU002;Клавиатура механическая Redragon;Электроника;41;163590;89974.5;2025-12-03 10:00:00+00
SALE007918;SKU004;USB-C кабель 1м;Аксессуары;78;29507.4;12776.4;2025-12-03 20:40:00+00
SALE007919;SKU005;Power Bank 20000 mAh;Аксессуары;35;87150;49675.5;2025-12-03 18:10:00+00
SALE007920;SKU006;Картридж HP 305;Расходники;35;55650;26155.5;2025-12-03 13:10:00+00
SALE007921;SKU007;Бумага А4 500 листов;Канцтовары;71;28329.0;18488.4;2025-12-03 15:20:00+00
SALE007922;SKU008;Ручки шариковые комплект;Канцтовары;40;9600;3744.0;2025-12-03 17:20:00+00
SALE007923;SKU009;SSD 1TB Kingston;Комплектующие;18;108642.6;79437.6;2025-12-03 20:00:00+00
SALE007924;SKU010;Оперативная память 16GB DDR4;Комплектующие;12;43206.0;28652.4;2025-12-03 16:40:00+00
SALE007925;SKU011;Роутер TP-Link Archer;Сетевое оборудование;20;62510.0;40138.0;2025-12-03 13:20:00+00
SALE007926;SKU012;Коммутатор 8 портов;Сетевое оборудование;19;40361.7;24966.0;2025-12-03 18:00:00+00
SALE007927;SKU013;Наушники JBL;Электроника;22;65780;36836.8;2025-12-03 18:40:00+00
SALE007928;SKU014;Веб-камера Full HD;Электроника;21;44610.3;24834.6;2025-12-03 16:30:00+00
SALE007929;SKU015;Коврик для мыши XL;Аксессуары;29;22910;10309.5;2025-12-03 11:40:00+00
SALE007930;SKU001;Беспроводная мышь Logitech;Электроника;35;50585.5;30247.0;2025-12-04 16:00:00+00
SALE007931;SKU002;Клавиатура механическая Redragon;Электроника;20;79800;43890.0;2025-12-04 20:10:00+00
SALE007932;SKU003;Монитор 24 дюйма Samsung;Электроника;14;181860;130939.2;2025-12-04 11:50:00+00
SALE007933;SKU004;USB-C кабель 1м;Аксессуары;53;19223.1;8681.4;2025-12-04 09:20:00+00
SALE007934;SKU005;Power Bank 20000 mAh;Аксессуары;43;107070;61029.9;2025-12-04 11:00:00+00
SALE007935;SKU006;Картридж HP 305;Расходники;29;46110;21671.7;2025-12-04 09:10:00+00
SALE007936;SKU007;Бумага А4 500 листов;Канцтовары;105;44100;27342.0;2025-12-04 19:50:00+00
SALE007937;SKU008;Ручки шариковые комплект;Канцтовары;40;8928.0;3744.0;2025-12-04 19:20:00+00
SALE007938;SKU009;SSD 1TB Kingston;Комплектующие;65;421850;286858.0;2025-12-04 13:00:00+00
SALE007939;SKU010;Оперативная память 16GB DDR4;Комплектующие;17;64430;40590.9;2025-12-04 10:10:00+00
SALE007940;SKU011;Роутер TP-Link Archer;Сетевое оборудование;12;36716.4;24082.8;2025-12-04 19:10:00+00
SALE007941;SKU012;Коммутатор 8 портов;Сетевое оборудование;7;15330;9198.0;2025-12-04 11:40:00+00
SALE007942;SKU013;Наушники JBL;Электроника;21;62790;35162.4;2025-12-04 15:40:00+00
SALE007943;SKU014;Веб-камера Full HD;Электроника;19;39529.5;22469.4;2025-12-04 13:40:00+00
SALE007944;SKU015;Коврик для мыши XL;Аксессуары;37;29230;13153.5;2025-12-04 10:40:00+00
SALE007945;SKU001;Беспроводная мышь Logitech;Электроника;253;376970;218642.6;2025-12-05 13:30:00+00
SALE007946;SKU002;Клавиатура механическая Redragon;Электроника;17;67830;37306.5;2025-12-05 19:50:00+00
SALE007947;SKU003;Монитор 24 дюйма Samsung;Электроника;7;86383.5;65469.6;2025-12-05 12:00:00+00
SALE007948;SKU004;USB-C кабель 1м;Аксессуары;62;24180;10155.6;2025-12-05 14:00:00+00
SALE007949;SKU005;Power Bank 20000 mAh;Аксессуары;31;77190;43998.3;2025-12-05 18:30:00+00
SALE007950;SKU006;Картридж HP 305;Расходники;39;62010;29144.7;2025-12-05 20:50:00+00
SALE007951;SKU007;Бумага А4 500 листов;Канцтовары;56;23520;14582.4;2025-12-05 18:50:00+00
SALE007952;SKU008;Ручки шариковые комплект;Канцтовары;57;13680;5335.2;2025-12-05 12:10:00+00
SALE007953;SKU009;SSD 1TB Kingston;Комплектующие;13;80151.5;57371.6;2025-12-05 11:30:00+00
SALE007954;SKU010;Оперативная память 16GB DDR4;Комплектующие;18;63444.6;42978.6;2025-12-05 20:30:00+00
SALE007955;SKU011;Роутер TP-Link Archer;Сетевое оборудование;24;76591.2;48165.6;2025-12-05 20:40:00+00
SALE007956;SKU012;Коммутатор 8 портов;Сетевое оборудование;11;22885.5;14454.0;2025-12-05 19:00:00+00
SALE007957;SKU013;Наушники JBL;Электроника;23;68770;38511.2;2025-12-05 10:40:00+00
SALE007958;SKU014;Веб-камера Full HD;Электроника;21;42770.7;24834.6;2025-12-05 13:00:00+00
SALE007959;SKU015;Коврик для мыши XL;Аксессуары;29;22222.7;10309.5;2025-12-05 11:30:00+00
SALE007960;SKU001;Беспроводная мышь Logitech;Электроника;20;29800;17284.0;2025-12-06 12:00:00+00
SALE007961;SKU002;Клавиатура механическая Redragon;Электроника;11;43890;24139.5;2025-12-06 20:10:00+00
SALE007962;SKU003;Монитор 24 дюйма Samsung;Электроника;8;103920;74822.4;2025-12-06 16:20:00+00
SALE007963;SKU004;USB-C кабель 1м;Аксессуары;51;18497.7;8353.8;2025-12-06 16:10:00+00
SALE007964;SKU005;Power Bank 20000 mAh;Аксессуары;12;29880;17031.6;2025-12-06 16:40:00+00
SALE007965;SKU006;Картридж HP 305;Расходники;12;18507.6;8967.6;2025-12-06 10:10:00+00
SALE007966;SKU007;Бумага А4 500 листов;Канцтовары;48;20160;12499.2;2025-12-06 11:20:00+00
SALE007967;SKU008;Ручки шариковые комплект;Канцтовары;32;7296.0;2995.2;2025-12-06 18:20:00+00
SALE007968;SKU009;SSD 1TB Kingston;Комплектующие;17;102606.9;75024.4;2025-12-06 09:30:00+00
SALE007969;SKU010;Оперативная память 16GB DDR4;Комплектующие;12;42296.4;28652.4;2025-12-06 09:20:00+00
SALE007970;SKU011;Роутер TP-Link Archer;Сетевое оборудование;24;78960;48165.6;2025-12-06 11:20:00+00
SALE007971;SKU012;Коммутатор 8 портов;Сетевое оборудование;8;16994.4;10512.0;2025-12-06 10:30:00+00
SALE007972;SKU013;Наушники JBL;Электроника;17;47271.9;28464.8;2025-12-06 17:50:00+00
SALE007973;SKU014;Веб-камера Full HD;Электроника;13;28470;15373.8;2025-12-06 11:40:00+00
SALE007974;SKU015;Коврик для мыши XL;Аксессуары;17;13430;6043.5;2025-12-06 16:30:00+00
SALE007975;SKU001;Беспроводная мышь Logitech;Электроника;32;44342.4;27654.4;2025-12-07 11:50:00+00
SALE007976;SKU002;Клавиатура механическая Redragon;Электроника;16;63840;35112.0;2025-12-07 15:20:00+00
SALE007977;SKU003;Монитор 24 дюйма Samsung;Электроника;10;126003.0;93528.0;2025-12-07 20:10:00+00
SALE007978;SKU004;USB-C кабель 1м;Аксессуары;63;24570;10319.4;2025-12-07 19:00:00+00
SALE007979;SKU005;Power Bank 20000 mAh;Аксессуары;13;32370;18450.9;2025-12-07 18:20:00+00
SALE007980;SKU006;Картридж HP 305;Расходники;37;54711.9;27650.1;2025-12-07 15:50:00+00
SALE007981;SKU007;Бумага А4 500 листов;Канцтовары;28;11172.0;7291.2;2025-12-07 11:50:00+00
SALE007982;SKU008;Ручки шариковые комплект;Канцтовары;21;4788.0;1965.6;2025-12-07 10:20:00+00
SALE007983;SKU009;SSD 1TB Kingston;Комплектующие;11;67820.5;48545.2;2025-12-07 20:30:00+00
SALE007984;SKU010;Оперативная память 16GB DDR4;Комплектующие;14;50407.0;33427.8;2025-12-07 18:50:00+00
SALE007985;SKU011;Роутер TP-Link Archer;Сетевое оборудование;17;53133.5;34117.3;2025-12-07 19:00:00+00
SALE007986;SKU012;Коммутатор 8 портов;Сетевое оборудование;9;19710;11826.0;2025-12-07 13:50:00+00
SALE007987;SKU013;Наушники JBL;Электроника;28;83720;46883.2;2025-12-07 14:10:00+00
SALE007988;SKU014;Веб-камера Full HD;Электроника;9;18330.3;10643.4;2025-12-07 13:20:00+00
SALE007989;SKU015;Коврик для мыши XL;Аксессуары;27;19836.9;9598.5;2025-12-07 11:30:00+00
SALE007990;SKU001;Беспроводная мышь Logitech;Электроника;74;110260;63950.8;2025-12-08 14:30:00+00
SALE007991;SKU002;Клавиатура механическая Redragon;Электроника;11;42573.3;24139.5;2025-12-08 17:50:00+00
SALE007992;SKU003;Монитор 24 дюйма Samsung;Электроника;16;207840;149644.8;2025-12-08 14:30:00+00
SALE007993;SKU004;USB-C кабель 1м;Аксессуары;73;28470;11957.4;2025-12-08 16:40:00+00
SALE007994;SKU005;Power Bank 20000 mAh;Аксессуары;19;43998.3;26966.7;2025-12-08 19:30:00+00
SALE007995;SKU006;Картридж HP 305;Расходники;22;33231.0;16440.6;2025-12-08 16:50:00+00
SALE007996;SKU007;Бумага А4 500 листов;Канцтовары;56;22814.4;14582.4;2025-12-08 12:00:00+00
SALE007997;SKU008;Ручки шариковые комплект;Канцтовары;19;4560;1778.4;2025-12-08 15:20:00+00
SALE007998;SKU009;SSD 1TB Kingston;Комплектующие;10;61655.0;44132.0;2025-12-08 18:50:00+00
SALE007999;SKU010;Оперативная память 16GB DDR4;Комплектующие;18;68220;42978.6;2025-12-08 12:50:00+00
SALE008000;SKU011;Роутер TP-Link Archer;Сетевое оборудование;19;62510;38131.1;2025-12-08 10:20:00+00
